文件名,键名,日文原文,当前使用,使用来源,todo/new_翻译,jp_cn_翻译,data_翻译
ConditionSet.json,cd-dearness_normal-mission_hski-0001|1|description,親愛度Lv20達成時,親密度達到Lv20時,todo/new,親密度達到Lv20時,,親密度強化活動結束後
ConditionSet.json,cd-dearness_normal-mission_jsna-0001|1|description,親愛度Lv20達成時,親密度達到Lv20時,todo/new,親密度達到Lv20時,,親密度強化活動結束後
CostumeHead.json,costume_head_amao-hair-0006|description,プレミアムミッションパス 2025年4月で獲得など,高級任務通行證 2025年4月 等方式獲得,todo/new,高級任務通行證 2025年4月 等方式獲得,,高級任務通行證 2025年4月 獲得
CostumeHead.json,costume_head_hrnm-hair-0006|description,プレミアムミッションパス 2025年4月で獲得など,高級任務通行證 2025年4月 等方式獲得,todo/new,高級任務通行證 2025年4月 等方式獲得,,高級任務通行證 2025年4月 獲得
CostumeHead.json,costume_head_kllj-hair-0006|description,プレミアムミッションパス 2025年4月で獲得など,高級任務通行證 2025年4月 等方式獲得,todo/new,高級任務通行證 2025年4月 等方式獲得,,高級任務通行證 2025年4月 獲得
CostumeHead.json,costume_head_ssmk-hair-0006|description,プレミアムミッションパス 2025年4月で獲得など,高級任務通行證 2025年4月 等方式獲得,todo/new,高級任務通行證 2025年4月 等方式獲得,,高級任務通行證 2025年4月 獲得
EventLabel.json,EventType_Tour|name,スペシャルイベント,特別活動,todo/new,特別活動,,巡演
HelpCategory.json,help-livetour-event|23|name,スペシャルイベント,特別活動,todo/new,特別活動,,巡演活動
HelpContent.json,help-livetour-event|tour-tour|1|name,スペシャルイベント,特別活動,todo/new,特別活動,,巡演活動
ProduceCard.json,p_card-02-act-3_039|0|ProduceDescriptionType_ProduceExamEffectType|ExamDescriptionType_Unknown|ProduceExamEffectType_ExamStaminaReduceFix|ProduceCardCategory_Unknown|ProduceCardMovePositionType_Unknown|ProduceStepType_Unknown|Label_ExamStaminaReduceFix|produceDescriptions[5].text,が7以上の場合、使用可,在7以上的時候，可以使用,todo/new,在7以上的時候，可以使用,,的<nobr>
ProduceCard.json,p_card-02-act-3_039|0|ProduceDescriptionType_ProduceExamEffectType|ExamDescriptionType_Unknown|ProduceExamEffectType_ExamStaminaReduceFix|ProduceCardCategory_Unknown|ProduceCardMovePositionType_Unknown|ProduceStepType_Unknown|Label_ExamStaminaReduceFix|produceDescriptions[7].text,元気,元氣,todo/new,元氣,,%</nobr>數值變為
ProduceCard.json,p_card-02-act-3_039|0|ProduceDescriptionType_ProduceExamEffectType|ExamDescriptionType_Unknown|ProduceExamEffectType_ExamStaminaReduceFix|ProduceCardCategory_Unknown|ProduceCardMovePositionType_Unknown|ProduceStepType_Unknown|Label_ExamStaminaReduceFix|produceDescriptions[8].text,の<nobr>,的<nobr>,todo/new,的<nobr>,,打分
ProduceCard.json,p_card-02-act-3_039|0|ProduceDescriptionType_ProduceExamEffectType|ExamDescriptionType_Unknown|ProduceExamEffectType_ExamStaminaReduceFix|ProduceCardCategory_Unknown|ProduceCardMovePositionType_Unknown|ProduceStepType_Unknown|Label_ExamStaminaReduceFix|produceDescriptions[11].text,パラメータ,打分,todo/new,打分,,，
ProduceCard.json,p_card-02-act-3_039|0|ProduceDescriptionType_ProduceExamEffectType|ExamDescriptionType_Unknown|ProduceExamEffectType_ExamStaminaReduceFix|ProduceCardCategory_Unknown|ProduceCardMovePositionType_Unknown|ProduceStepType_Unknown|Label_ExamStaminaReduceFix|produceDescriptions[12].text,上昇,上升,todo/new,上升,,元氣
ProduceCard.json,p_card-02-act-3_039|0|ProduceDescriptionType_ProduceExamEffectType|ExamDescriptionType_Unknown|ProduceExamEffectType_ExamStaminaReduceFix|ProduceCardCategory_Unknown|ProduceCardMovePositionType_Unknown|ProduceStepType_Unknown|Label_ExamStaminaReduceFix|produceDescriptions[16].text,を0にする,變為0,todo/new,變為0,,<nobr>
ProduceCard.json,p_card-02-act-3_039|1|ProduceDescriptionType_ProduceExamEffectType|ExamDescriptionType_Unknown|ProduceExamEffectType_ExamStaminaReduceFix|ProduceCardCategory_Unknown|ProduceCardMovePositionType_Unknown|ProduceStepType_Unknown|Label_ExamStaminaReduceFix|produceDescriptions[5].text,が7以上の場合、使用可,在7以上的時候，可以使用,todo/new,在7以上的時候，可以使用,,的<nobr>
ProduceCard.json,p_card-02-act-3_039|1|ProduceDescriptionType_ProduceExamEffectType|ExamDescriptionType_Unknown|ProduceExamEffectType_ExamStaminaReduceFix|ProduceCardCategory_Unknown|ProduceCardMovePositionType_Unknown|ProduceStepType_Unknown|Label_ExamStaminaReduceFix|produceDescriptions[7].text,元気,元氣,todo/new,元氣,,%</nobr>數值變為
ProduceCard.json,p_card-02-act-3_039|1|ProduceDescriptionType_ProduceExamEffectType|ExamDescriptionType_Unknown|ProduceExamEffectType_ExamStaminaReduceFix|ProduceCardCategory_Unknown|ProduceCardMovePositionType_Unknown|ProduceStepType_Unknown|Label_ExamStaminaReduceFix|produceDescriptions[8].text,の<nobr>,的<nobr>,todo/new,的<nobr>,,打分
ProduceCard.json,p_card-02-act-3_039|1|ProduceDescriptionType_ProduceExamEffectType|ExamDescriptionType_Unknown|ProduceExamEffectType_ExamStaminaReduceFix|ProduceCardCategory_Unknown|ProduceCardMovePositionType_Unknown|ProduceStepType_Unknown|Label_ExamStaminaReduceFix|produceDescriptions[11].text,パラメータ,打分,todo/new,打分,,，
ProduceCard.json,p_card-02-act-3_039|1|ProduceDescriptionType_ProduceExamEffectType|ExamDescriptionType_Unknown|ProduceExamEffectType_ExamStaminaReduceFix|ProduceCardCategory_Unknown|ProduceCardMovePositionType_Unknown|ProduceStepType_Unknown|Label_ExamStaminaReduceFix|produceDescriptions[12].text,上昇,上升,todo/new,上升,,元氣
ProduceCard.json,p_card-02-act-3_039|1|ProduceDescriptionType_ProduceExamEffectType|ExamDescriptionType_Unknown|ProduceExamEffectType_ExamStaminaReduceFix|ProduceCardCategory_Unknown|ProduceCardMovePositionType_Unknown|ProduceStepType_Unknown|Label_ExamStaminaReduceFix|produceDescriptions[16].text,を0にする,變為0,todo/new,變為0,,<nobr>
ProduceCard.json,p_card-02-act-3_039|2|ProduceDescriptionType_ProduceExamEffectType|ExamDescriptionType_Unknown|ProduceExamEffectType_ExamStaminaReduceFix|ProduceCardCategory_Unknown|ProduceCardMovePositionType_Unknown|ProduceStepType_Unknown|Label_ExamStaminaReduceFix|produceDescriptions[5].text,が7以上の場合、使用可,在7以上的時候，可以使用,todo/new,在7以上的時候，可以使用,,的<nobr>
ProduceCard.json,p_card-02-act-3_039|2|ProduceDescriptionType_ProduceExamEffectType|ExamDescriptionType_Unknown|ProduceExamEffectType_ExamStaminaReduceFix|ProduceCardCategory_Unknown|ProduceCardMovePositionType_Unknown|ProduceStepType_Unknown|Label_ExamStaminaReduceFix|produceDescriptions[7].text,元気,元氣,todo/new,元氣,,%</nobr>數值變為
ProduceCard.json,p_card-02-act-3_039|2|ProduceDescriptionType_ProduceExamEffectType|ExamDescriptionType_Unknown|ProduceExamEffectType_ExamStaminaReduceFix|ProduceCardCategory_Unknown|ProduceCardMovePositionType_Unknown|ProduceStepType_Unknown|Label_ExamStaminaReduceFix|produceDescriptions[8].text,の<nobr>,的<nobr>,todo/new,的<nobr>,,打分
ProduceCard.json,p_card-02-act-3_039|2|ProduceDescriptionType_ProduceExamEffectType|ExamDescriptionType_Unknown|ProduceExamEffectType_ExamStaminaReduceFix|ProduceCardCategory_Unknown|ProduceCardMovePositionType_Unknown|ProduceStepType_Unknown|Label_ExamStaminaReduceFix|produceDescriptions[11].text,パラメータ,打分,todo/new,打分,,，
ProduceCard.json,p_card-02-act-3_039|2|ProduceDescriptionType_ProduceExamEffectType|ExamDescriptionType_Unknown|ProduceExamEffectType_ExamStaminaReduceFix|ProduceCardCategory_Unknown|ProduceCardMovePositionType_Unknown|ProduceStepType_Unknown|Label_ExamStaminaReduceFix|produceDescriptions[12].text,上昇,上升,todo/new,上升,,元氣
ProduceCard.json,p_card-02-act-3_039|2|ProduceDescriptionType_ProduceExamEffectType|ExamDescriptionType_Unknown|ProduceExamEffectType_ExamStaminaReduceFix|ProduceCardCategory_Unknown|ProduceCardMovePositionType_Unknown|ProduceStepType_Unknown|Label_ExamStaminaReduceFix|produceDescriptions[16].text,を0にする,變為0,todo/new,變為0,,<nobr>
ProduceCard.json,p_card-02-act-3_039|3|ProduceDescriptionType_ProduceExamEffectType|ExamDescriptionType_Unknown|ProduceExamEffectType_ExamStaminaReduceFix|ProduceCardCategory_Unknown|ProduceCardMovePositionType_Unknown|ProduceStepType_Unknown|Label_ExamStaminaReduceFix|produceDescriptions[5].text,が7以上の場合、使用可,在7以上的時候，可以使用,todo/new,在7以上的時候，可以使用,,的<nobr>
ProduceCard.json,p_card-02-act-3_039|3|ProduceDescriptionType_ProduceExamEffectType|ExamDescriptionType_Unknown|ProduceExamEffectType_ExamStaminaReduceFix|ProduceCardCategory_Unknown|ProduceCardMovePositionType_Unknown|ProduceStepType_Unknown|Label_ExamStaminaReduceFix|produceDescriptions[7].text,元気,元氣,todo/new,元氣,,%</nobr>數值變為
ProduceCard.json,p_card-02-act-3_039|3|ProduceDescriptionType_ProduceExamEffectType|ExamDescriptionType_Unknown|ProduceExamEffectType_ExamStaminaReduceFix|ProduceCardCategory_Unknown|ProduceCardMovePositionType_Unknown|ProduceStepType_Unknown|Label_ExamStaminaReduceFix|produceDescriptions[8].text,の<nobr>,的<nobr>,todo/new,的<nobr>,,打分
ProduceCard.json,p_card-02-act-3_039|3|ProduceDescriptionType_ProduceExamEffectType|ExamDescriptionType_Unknown|ProduceExamEffectType_ExamStaminaReduceFix|ProduceCardCategory_Unknown|ProduceCardMovePositionType_Unknown|ProduceStepType_Unknown|Label_ExamStaminaReduceFix|produceDescriptions[11].text,パラメータ,打分,todo/new,打分,,，
ProduceCard.json,p_card-02-act-3_039|3|ProduceDescriptionType_ProduceExamEffectType|ExamDescriptionType_Unknown|ProduceExamEffectType_ExamStaminaReduceFix|ProduceCardCategory_Unknown|ProduceCardMovePositionType_Unknown|ProduceStepType_Unknown|Label_ExamStaminaReduceFix|produceDescriptions[12].text,上昇,上升,todo/new,上升,,元氣
ProduceCard.json,p_card-02-act-3_039|3|ProduceDescriptionType_ProduceExamEffectType|ExamDescriptionType_Unknown|ProduceExamEffectType_ExamStaminaReduceFix|ProduceCardCategory_Unknown|ProduceCardMovePositionType_Unknown|ProduceStepType_Unknown|Label_ExamStaminaReduceFix|produceDescriptions[16].text,を0にする,變為0,todo/new,變為0,,<nobr>
ProduceCard.json,p_card-02-act-3_045|0|ProduceDescriptionType_ProduceExamEffectType|ExamDescriptionType_Unknown|ProduceExamEffectType_ExamReview|ProduceCardCategory_Unknown|ProduceCardMovePositionType_Unknown|ProduceStepType_Unknown|Label_ExamReview_Produce|produceDescriptions[5].text,やる気,幹勁,todo/new,幹勁,,元氣
ProduceCard.json,p_card-02-act-3_045|0|ProduceDescriptionType_ProduceExamEffectType|ExamDescriptionType_Unknown|ProduceExamEffectType_ExamReview|ProduceCardCategory_Unknown|ProduceCardMovePositionType_Unknown|ProduceStepType_Unknown|Label_ExamReview_Produce|produceDescriptions[6].text,が3以上の場合、使用可,在3以上的時候，可以使用,todo/new,在3以上的時候，可以使用,,+
ProduceCard.json,p_card-02-act-3_045|0|ProduceDescriptionType_ProduceExamEffectType|ExamDescriptionType_Unknown|ProduceExamEffectType_ExamReview|ProduceCardCategory_Unknown|ProduceCardMovePositionType_Unknown|ProduceStepType_Unknown|Label_ExamReview_Produce|produceDescriptions[13].text,元気,元氣,todo/new,元氣,,打分
ProduceCard.json,p_card-02-act-3_045|0|ProduceDescriptionType_ProduceExamEffectType|ExamDescriptionType_Unknown|ProduceExamEffectType_ExamReview|ProduceCardCategory_Unknown|ProduceCardMovePositionType_Unknown|ProduceStepType_Unknown|Label_ExamReview_Produce|produceDescriptions[14].text,の<nobr>,的<nobr>,todo/new,的<nobr>,,上升
ProduceCard.json,p_card-02-act-3_045|0|ProduceDescriptionType_ProduceExamEffectType|ExamDescriptionType_Unknown|ProduceExamEffectType_ExamReview|ProduceCardCategory_Unknown|ProduceCardMovePositionType_Unknown|ProduceStepType_Unknown|Label_ExamReview_Produce|produceDescriptions[17].text,パラメータ,打分,todo/new,打分,,幹勁
ProduceCard.json,p_card-02-act-3_045|0|ProduceDescriptionType_ProduceExamEffectType|ExamDescriptionType_Unknown|ProduceExamEffectType_ExamReview|ProduceCardCategory_Unknown|ProduceCardMovePositionType_Unknown|ProduceStepType_Unknown|Label_ExamReview_Produce|produceDescriptions[18].text,上昇,上升,todo/new,上升,,的<nobr>
ProduceCard.json,p_card-02-act-3_045|0|ProduceDescriptionType_ProduceExamEffectType|ExamDescriptionType_Unknown|ProduceExamEffectType_ExamReview|ProduceCardCategory_Unknown|ProduceCardMovePositionType_Unknown|ProduceStepType_Unknown|Label_ExamReview_Produce|produceDescriptions[21].text,やる気,幹勁,todo/new,幹勁,,打分
ProduceCard.json,p_card-02-act-3_045|0|ProduceDescriptionType_ProduceExamEffectType|ExamDescriptionType_Unknown|ProduceExamEffectType_ExamReview|ProduceCardCategory_Unknown|ProduceCardMovePositionType_Unknown|ProduceStepType_Unknown|Label_ExamReview_Produce|produceDescriptions[22].text,の<nobr>,的<nobr>,todo/new,的<nobr>,,上升
ProduceCard.json,p_card-02-act-3_045|0|ProduceDescriptionType_ProduceExamEffectType|ExamDescriptionType_Unknown|ProduceExamEffectType_ExamReview|ProduceCardCategory_Unknown|ProduceCardMovePositionType_Unknown|ProduceStepType_Unknown|Label_ExamReview_Produce|produceDescriptions[26].text,上昇,上升,todo/new,上升,,<nobr>
ProduceCard.json,p_card-02-act-3_045|1|ProduceDescriptionType_ProduceExamEffectType|ExamDescriptionType_Unknown|ProduceExamEffectType_ExamReview|ProduceCardCategory_Unknown|ProduceCardMovePositionType_Unknown|ProduceStepType_Unknown|Label_ExamReview_Produce|produceDescriptions[5].text,やる気,幹勁,todo/new,幹勁,,元氣
ProduceCard.json,p_card-02-act-3_045|1|ProduceDescriptionType_ProduceExamEffectType|ExamDescriptionType_Unknown|ProduceExamEffectType_ExamReview|ProduceCardCategory_Unknown|ProduceCardMovePositionType_Unknown|ProduceStepType_Unknown|Label_ExamReview_Produce|produceDescriptions[6].text,が3以上の場合、使用可,在3以上的時候，可以使用,todo/new,在3以上的時候，可以使用,,+
ProduceCard.json,p_card-02-act-3_045|1|ProduceDescriptionType_ProduceExamEffectType|ExamDescriptionType_Unknown|ProduceExamEffectType_ExamReview|ProduceCardCategory_Unknown|ProduceCardMovePositionType_Unknown|ProduceStepType_Unknown|Label_ExamReview_Produce|produceDescriptions[12].text,やる気,幹勁,todo/new,幹勁,,%</nobr>數值變為
ProduceCard.json,p_card-02-act-3_045|1|ProduceDescriptionType_ProduceExamEffectType|ExamDescriptionType_Unknown|ProduceExamEffectType_ExamReview|ProduceCardCategory_Unknown|ProduceCardMovePositionType_Unknown|ProduceStepType_Unknown|Label_ExamReview_Produce|produceDescriptions[13].text,効果を<nobr>1.5倍</nobr>適用）,效果會<nobr>1.5倍</nobr>生效）,todo/new,效果會<nobr>1.5倍</nobr>生效）,,打分
ProduceCard.json,p_card-02-act-3_045|1|ProduceDescriptionType_ProduceExamEffectType|ExamDescriptionType_Unknown|ProduceExamEffectType_ExamReview|ProduceCardCategory_Unknown|ProduceCardMovePositionType_Unknown|ProduceStepType_Unknown|Label_ExamReview_Produce|produceDescriptions[18].text,%</nobr>分,%</nobr>數值變為,todo/new,%</nobr>數值變為,,的<nobr>
ProduceCard.json,p_card-02-act-3_045|1|ProduceDescriptionType_ProduceExamEffectType|ExamDescriptionType_Unknown|ProduceExamEffectType_ExamReview|ProduceCardCategory_Unknown|ProduceCardMovePositionType_Unknown|ProduceStepType_Unknown|Label_ExamReview_Produce|produceDescriptions[19].text,パラメータ,打分,todo/new,打分,,200
ProduceCard.json,p_card-02-act-3_045|1|ProduceDescriptionType_ProduceExamEffectType|ExamDescriptionType_Unknown|ProduceExamEffectType_ExamReview|ProduceCardCategory_Unknown|ProduceCardMovePositionType_Unknown|ProduceStepType_Unknown|Label_ExamReview_Produce|produceDescriptions[20].text,上昇,上升,todo/new,上升,,%</nobr>數值變為
ProduceCard.json,p_card-02-act-3_045|1|ProduceDescriptionType_ProduceExamEffectType|ExamDescriptionType_Unknown|ProduceExamEffectType_ExamReview|ProduceCardCategory_Unknown|ProduceCardMovePositionType_Unknown|ProduceStepType_Unknown|Label_ExamReview_Produce|produceDescriptions[26].text,%</nobr>分,%</nobr>數值變為,todo/new,%</nobr>數值變為,,<nobr>
ProduceCard.json,p_card-02-act-3_045|1|ProduceDescriptionType_ProduceExamEffectType|ExamDescriptionType_Unknown|ProduceExamEffectType_ExamReview|ProduceCardCategory_Unknown|ProduceCardMovePositionType_Unknown|ProduceStepType_Unknown|Label_ExamReview_Produce|produceDescriptions[27].text,パラメータ,打分,todo/new,打分,,不可重複
ProduceCard.json,p_card-02-act-3_045|1|ProduceDescriptionType_ProduceExamEffectType|ExamDescriptionType_Unknown|ProduceExamEffectType_ExamReview|ProduceCardCategory_Unknown|ProduceCardMovePositionType_Unknown|ProduceStepType_Unknown|Label_ExamReview_Produce|produceDescriptions[28].text,上昇,上升,todo/new,上升,,</nobr>
ProduceCard.json,p_card-02-act-3_045|2|ProduceDescriptionType_ProduceExamEffectType|ExamDescriptionType_Unknown|ProduceExamEffectType_ExamReview|ProduceCardCategory_Unknown|ProduceCardMovePositionType_Unknown|ProduceStepType_Unknown|Label_ExamReview_Produce|produceDescriptions[5].text,やる気,幹勁,todo/new,幹勁,,元氣
ProduceCard.json,p_card-02-act-3_045|2|ProduceDescriptionType_ProduceExamEffectType|ExamDescriptionType_Unknown|ProduceExamEffectType_ExamReview|ProduceCardCategory_Unknown|ProduceCardMovePositionType_Unknown|ProduceStepType_Unknown|Label_ExamReview_Produce|produceDescriptions[6].text,が3以上の場合、使用可,在3以上的時候，可以使用,todo/new,在3以上的時候，可以使用,,+
ProduceCard.json,p_card-02-act-3_045|2|ProduceDescriptionType_ProduceExamEffectType|ExamDescriptionType_Unknown|ProduceExamEffectType_ExamReview|ProduceCardCategory_Unknown|ProduceCardMovePositionType_Unknown|ProduceStepType_Unknown|Label_ExamReview_Produce|produceDescriptions[12].text,やる気,幹勁,todo/new,幹勁,,%</nobr>數值變為
ProduceCard.json,p_card-02-act-3_045|2|ProduceDescriptionType_ProduceExamEffectType|ExamDescriptionType_Unknown|ProduceExamEffectType_ExamReview|ProduceCardCategory_Unknown|ProduceCardMovePositionType_Unknown|ProduceStepType_Unknown|Label_ExamReview_Produce|produceDescriptions[13].text,効果を<nobr>1.5倍</nobr>適用）,效果會<nobr>1.5倍</nobr>生效）,todo/new,效果會<nobr>1.5倍</nobr>生效）,,打分
ProduceCard.json,p_card-02-act-3_045|2|ProduceDescriptionType_ProduceExamEffectType|ExamDescriptionType_Unknown|ProduceExamEffectType_ExamReview|ProduceCardCategory_Unknown|ProduceCardMovePositionType_Unknown|ProduceStepType_Unknown|Label_ExamReview_Produce|produceDescriptions[18].text,%</nobr>分,%</nobr>數值變為,todo/new,%</nobr>數值變為,,的<nobr>
ProduceCard.json,p_card-02-act-3_045|2|ProduceDescriptionType_ProduceExamEffectType|ExamDescriptionType_Unknown|ProduceExamEffectType_ExamReview|ProduceCardCategory_Unknown|ProduceCardMovePositionType_Unknown|ProduceStepType_Unknown|Label_ExamReview_Produce|produceDescriptions[19].text,パラメータ,打分,todo/new,打分,,200
ProduceCard.json,p_card-02-act-3_045|2|ProduceDescriptionType_ProduceExamEffectType|ExamDescriptionType_Unknown|ProduceExamEffectType_ExamReview|ProduceCardCategory_Unknown|ProduceCardMovePositionType_Unknown|ProduceStepType_Unknown|Label_ExamReview_Produce|produceDescriptions[20].text,上昇,上升,todo/new,上升,,%</nobr>數值變為
ProduceCard.json,p_card-02-act-3_045|2|ProduceDescriptionType_ProduceExamEffectType|ExamDescriptionType_Unknown|ProduceExamEffectType_ExamReview|ProduceCardCategory_Unknown|ProduceCardMovePositionType_Unknown|ProduceStepType_Unknown|Label_ExamReview_Produce|produceDescriptions[26].text,%</nobr>分,%</nobr>數值變為,todo/new,%</nobr>數值變為,,<nobr>
ProduceCard.json,p_card-02-act-3_045|2|ProduceDescriptionType_ProduceExamEffectType|ExamDescriptionType_Unknown|ProduceExamEffectType_ExamReview|ProduceCardCategory_Unknown|ProduceCardMovePositionType_Unknown|ProduceStepType_Unknown|Label_ExamReview_Produce|produceDescriptions[27].text,パラメータ,打分,todo/new,打分,,不可重複
ProduceCard.json,p_card-02-act-3_045|2|ProduceDescriptionType_ProduceExamEffectType|ExamDescriptionType_Unknown|ProduceExamEffectType_ExamReview|ProduceCardCategory_Unknown|ProduceCardMovePositionType_Unknown|ProduceStepType_Unknown|Label_ExamReview_Produce|produceDescriptions[28].text,上昇,上升,todo/new,上升,,</nobr>
ProduceCard.json,p_card-02-act-3_045|3|ProduceDescriptionType_ProduceExamEffectType|ExamDescriptionType_Unknown|ProduceExamEffectType_ExamReview|ProduceCardCategory_Unknown|ProduceCardMovePositionType_Unknown|ProduceStepType_Unknown|Label_ExamReview_Produce|produceDescriptions[5].text,やる気,幹勁,todo/new,幹勁,,元氣
ProduceCard.json,p_card-02-act-3_045|3|ProduceDescriptionType_ProduceExamEffectType|ExamDescriptionType_Unknown|ProduceExamEffectType_ExamReview|ProduceCardCategory_Unknown|ProduceCardMovePositionType_Unknown|ProduceStepType_Unknown|Label_ExamReview_Produce|produceDescriptions[6].text,が3以上の場合、使用可,在3以上的時候，可以使用,todo/new,在3以上的時候，可以使用,,+
ProduceCard.json,p_card-02-act-3_045|3|ProduceDescriptionType_ProduceExamEffectType|ExamDescriptionType_Unknown|ProduceExamEffectType_ExamReview|ProduceCardCategory_Unknown|ProduceCardMovePositionType_Unknown|ProduceStepType_Unknown|Label_ExamReview_Produce|produceDescriptions[12].text,やる気,幹勁,todo/new,幹勁,,%</nobr>數值變為
ProduceCard.json,p_card-02-act-3_045|3|ProduceDescriptionType_ProduceExamEffectType|ExamDescriptionType_Unknown|ProduceExamEffectType_ExamReview|ProduceCardCategory_Unknown|ProduceCardMovePositionType_Unknown|ProduceStepType_Unknown|Label_ExamReview_Produce|produceDescriptions[13].text,効果を<nobr>2倍</nobr>適用）,效果會<nobr>2倍</nobr>生效）,todo/new,效果會<nobr>2倍</nobr>生效）,,打分
ProduceCard.json,p_card-02-act-3_045|3|ProduceDescriptionType_ProduceExamEffectType|ExamDescriptionType_Unknown|ProduceExamEffectType_ExamReview|ProduceCardCategory_Unknown|ProduceCardMovePositionType_Unknown|ProduceStepType_Unknown|Label_ExamReview_Produce|produceDescriptions[18].text,%</nobr>分,%</nobr>數值變為,todo/new,%</nobr>數值變為,,的<nobr>
ProduceCard.json,p_card-02-act-3_045|3|ProduceDescriptionType_ProduceExamEffectType|ExamDescriptionType_Unknown|ProduceExamEffectType_ExamReview|ProduceCardCategory_Unknown|ProduceCardMovePositionType_Unknown|ProduceStepType_Unknown|Label_ExamReview_Produce|produceDescriptions[19].text,パラメータ,打分,todo/new,打分,,200
ProduceCard.json,p_card-02-act-3_045|3|ProduceDescriptionType_ProduceExamEffectType|ExamDescriptionType_Unknown|ProduceExamEffectType_ExamReview|ProduceCardCategory_Unknown|ProduceCardMovePositionType_Unknown|ProduceStepType_Unknown|Label_ExamReview_Produce|produceDescriptions[20].text,上昇,上升,todo/new,上升,,%</nobr>數值變為
ProduceCard.json,p_card-02-act-3_045|3|ProduceDescriptionType_ProduceExamEffectType|ExamDescriptionType_Unknown|ProduceExamEffectType_ExamReview|ProduceCardCategory_Unknown|ProduceCardMovePositionType_Unknown|ProduceStepType_Unknown|Label_ExamReview_Produce|produceDescriptions[26].text,%</nobr>分,%</nobr>數值變為,todo/new,%</nobr>數值變為,,<nobr>
ProduceCard.json,p_card-02-act-3_045|3|ProduceDescriptionType_ProduceExamEffectType|ExamDescriptionType_Unknown|ProduceExamEffectType_ExamReview|ProduceCardCategory_Unknown|ProduceCardMovePositionType_Unknown|ProduceStepType_Unknown|Label_ExamReview_Produce|produceDescriptions[27].text,パラメータ,打分,todo/new,打分,,不可重複
ProduceCard.json,p_card-02-act-3_045|3|ProduceDescriptionType_ProduceExamEffectType|ExamDescriptionType_Unknown|ProduceExamEffectType_ExamReview|ProduceCardCategory_Unknown|ProduceCardMovePositionType_Unknown|ProduceStepType_Unknown|Label_ExamReview_Produce|produceDescriptions[28].text,上昇,上升,todo/new,上升,,</nobr>
ProduceCard.json,p_card-02-act-3_052|0|ProduceDescriptionType_ProduceExamEffectType|ExamDescriptionType_Unknown|ProduceExamEffectType_ExamStaminaReduceFix|ProduceCardCategory_Unknown|ProduceCardMovePositionType_Unknown|ProduceStepType_Unknown|Label_ExamStaminaReduceFix|produceDescriptions[5].text,が10以上の場合、使用可,在10以上的時候，可以使用,todo/new,在10以上的時候，可以使用,,的<nobr>
ProduceCard.json,p_card-02-act-3_052|0|ProduceDescriptionType_ProduceExamEffectType|ExamDescriptionType_Unknown|ProduceExamEffectType_ExamStaminaReduceFix|ProduceCardCategory_Unknown|ProduceCardMovePositionType_Unknown|ProduceStepType_Unknown|Label_ExamStaminaReduceFix|produceDescriptions[8].text,の<nobr>,的<nobr>,todo/new,的<nobr>,,打分
ProduceCard.json,p_card-02-act-3_052|0|ProduceDescriptionType_ProduceExamEffectType|ExamDescriptionType_Unknown|ProduceExamEffectType_ExamStaminaReduceFix|ProduceCardCategory_Unknown|ProduceCardMovePositionType_Unknown|ProduceStepType_Unknown|Label_ExamStaminaReduceFix|produceDescriptions[15].text,除外以外にある,在除外以外的,todo/new,在除外以外的,,</nobr>
ProduceCard.json,p_card-02-act-3_052|0|ProduceDescriptionType_ProduceExamEffectType|ExamDescriptionType_Unknown|ProduceExamEffectType_ExamStaminaReduceFix|ProduceCardCategory_Unknown|ProduceCardMovePositionType_Unknown|ProduceStepType_Unknown|Label_ExamStaminaReduceFix|produceDescriptions[16].text,トラブルカード,干擾卡,todo/new,干擾卡,,課程中僅限1次
ProduceCard.json,p_card-02-act-3_052|1|ProduceDescriptionType_ProduceExamEffectType|ExamDescriptionType_Unknown|ProduceExamEffectType_ExamStaminaReduceFix|ProduceCardCategory_Unknown|ProduceCardMovePositionType_Unknown|ProduceStepType_Unknown|Label_ExamStaminaReduceFix|produceDescriptions[5].text,が10以上の場合、使用可,在10以上的時候，可以使用,todo/new,在10以上的時候，可以使用,,的<nobr>
ProduceCard.json,p_card-02-act-3_052|1|ProduceDescriptionType_ProduceExamEffectType|ExamDescriptionType_Unknown|ProduceExamEffectType_ExamStaminaReduceFix|ProduceCardCategory_Unknown|ProduceCardMovePositionType_Unknown|ProduceStepType_Unknown|Label_ExamStaminaReduceFix|produceDescriptions[8].text,の<nobr>,的<nobr>,todo/new,的<nobr>,,打分
ProduceCard.json,p_card-02-act-3_052|1|ProduceDescriptionType_ProduceExamEffectType|ExamDescriptionType_Unknown|ProduceExamEffectType_ExamStaminaReduceFix|ProduceCardCategory_Unknown|ProduceCardMovePositionType_Unknown|ProduceStepType_Unknown|Label_ExamStaminaReduceFix|produceDescriptions[15].text,除外以外にある,在除外以外的,todo/new,在除外以外的,,</nobr>
ProduceCard.json,p_card-02-act-3_052|1|ProduceDescriptionType_ProduceExamEffectType|ExamDescriptionType_Unknown|ProduceExamEffectType_ExamStaminaReduceFix|ProduceCardCategory_Unknown|ProduceCardMovePositionType_Unknown|ProduceStepType_Unknown|Label_ExamStaminaReduceFix|produceDescriptions[16].text,トラブルカード,干擾卡,todo/new,干擾卡,,課程中僅限1次
ProduceCard.json,p_card-02-act-3_052|2|ProduceDescriptionType_ProduceExamEffectType|ExamDescriptionType_Unknown|ProduceExamEffectType_ExamStaminaReduceFix|ProduceCardCategory_Unknown|ProduceCardMovePositionType_Unknown|ProduceStepType_Unknown|Label_ExamStaminaReduceFix|produceDescriptions[5].text,が10以上の場合、使用可,在10以上的時候，可以使用,todo/new,在10以上的時候，可以使用,,的<nobr>
ProduceCard.json,p_card-02-act-3_052|2|ProduceDescriptionType_ProduceExamEffectType|ExamDescriptionType_Unknown|ProduceExamEffectType_ExamStaminaReduceFix|ProduceCardCategory_Unknown|ProduceCardMovePositionType_Unknown|ProduceStepType_Unknown|Label_ExamStaminaReduceFix|produceDescriptions[8].text,の<nobr>,的<nobr>,todo/new,的<nobr>,,打分
ProduceCard.json,p_card-02-act-3_052|2|ProduceDescriptionType_ProduceExamEffectType|ExamDescriptionType_Unknown|ProduceExamEffectType_ExamStaminaReduceFix|ProduceCardCategory_Unknown|ProduceCardMovePositionType_Unknown|ProduceStepType_Unknown|Label_ExamStaminaReduceFix|produceDescriptions[15].text,除外以外にある,在除外以外的,todo/new,在除外以外的,,</nobr>
ProduceCard.json,p_card-02-act-3_052|2|ProduceDescriptionType_ProduceExamEffectType|ExamDescriptionType_Unknown|ProduceExamEffectType_ExamStaminaReduceFix|ProduceCardCategory_Unknown|ProduceCardMovePositionType_Unknown|ProduceStepType_Unknown|Label_ExamStaminaReduceFix|produceDescriptions[16].text,トラブルカード,干擾卡,todo/new,干擾卡,,課程中僅限1次
ProduceCard.json,p_card-02-act-3_052|3|ProduceDescriptionType_ProduceExamEffectType|ExamDescriptionType_Unknown|ProduceExamEffectType_ExamStaminaReduceFix|ProduceCardCategory_Unknown|ProduceCardMovePositionType_Unknown|ProduceStepType_Unknown|Label_ExamStaminaReduceFix|produceDescriptions[5].text,が10以上の場合、使用可,在10以上的時候，可以使用,todo/new,在10以上的時候，可以使用,,的<nobr>
ProduceCard.json,p_card-02-act-3_052|3|ProduceDescriptionType_ProduceExamEffectType|ExamDescriptionType_Unknown|ProduceExamEffectType_ExamStaminaReduceFix|ProduceCardCategory_Unknown|ProduceCardMovePositionType_Unknown|ProduceStepType_Unknown|Label_ExamStaminaReduceFix|produceDescriptions[8].text,の<nobr>,的<nobr>,todo/new,的<nobr>,,打分
ProduceCard.json,p_card-02-act-3_052|3|ProduceDescriptionType_ProduceExamEffectType|ExamDescriptionType_Unknown|ProduceExamEffectType_ExamStaminaReduceFix|ProduceCardCategory_Unknown|ProduceCardMovePositionType_Unknown|ProduceStepType_Unknown|Label_ExamStaminaReduceFix|produceDescriptions[15].text,除外以外にある,在除外以外的,todo/new,在除外以外的,,</nobr>
ProduceCard.json,p_card-02-act-3_052|3|ProduceDescriptionType_ProduceExamEffectType|ExamDescriptionType_Unknown|ProduceExamEffectType_ExamStaminaReduceFix|ProduceCardCategory_Unknown|ProduceCardMovePositionType_Unknown|ProduceStepType_Unknown|Label_ExamStaminaReduceFix|produceDescriptions[16].text,トラブルカード,干擾卡,todo/new,干擾卡,,課程中僅限1次
ProduceCard.json,p_card-03-act-2_067|0|ProduceDescriptionType_Exam|ExamDescriptionType_CustomizeInitialAdd|ProduceExamEffectType_Unknown|ProduceCardCategory_Unknown|ProduceCardMovePositionType_Unknown|ProduceStepType_Unknown|Description_ProduceCardIsInitial|produceDescriptions[9].text,温存,溫存,todo/new,溫存,,成長
ProduceCard.json,p_card-03-act-2_067|0|ProduceDescriptionType_Exam|ExamDescriptionType_CustomizeInitialAdd|ProduceExamEffectType_Unknown|ProduceCardCategory_Unknown|ProduceCardMovePositionType_Unknown|ProduceStepType_Unknown|Description_ProduceCardIsInitial|produceDescriptions[10].text,状態の場合、,狀態的時候，,todo/new,狀態的時候，,,：
ProduceCard.json,p_card-03-act-2_067|0|ProduceDescriptionType_Exam|ExamDescriptionType_CustomizeInitialAdd|ProduceExamEffectType_Unknown|ProduceCardCategory_Unknown|ProduceCardMovePositionType_Unknown|ProduceStepType_Unknown|Description_ProduceCardIsInitial|produceDescriptions[11].text,スキルカード使用数追加,技能卡使用數追加,todo/new,技能卡使用數追加,,直接效果
ProduceCard.json,p_card-03-act-2_067|0|ProduceDescriptionType_Exam|ExamDescriptionType_CustomizeInitialAdd|ProduceExamEffectType_Unknown|ProduceCardCategory_Unknown|ProduceCardMovePositionType_Unknown|ProduceStepType_Unknown|Description_ProduceCardIsInitial|produceDescriptions[19].text,直接効果,直接效果,todo/new,直接效果,,課程中僅限1次
ProduceCard.json,p_card-03-act-2_067|1|ProduceDescriptionType_Exam|ExamDescriptionType_CustomizeInitialAdd|ProduceExamEffectType_Unknown|ProduceCardCategory_Unknown|ProduceCardMovePositionType_Unknown|ProduceStepType_Unknown|Description_ProduceCardIsInitial|produceDescriptions[9].text,温存,溫存,todo/new,溫存,,成長
ProduceCard.json,p_card-03-act-2_067|1|ProduceDescriptionType_Exam|ExamDescriptionType_CustomizeInitialAdd|ProduceExamEffectType_Unknown|ProduceCardCategory_Unknown|ProduceCardMovePositionType_Unknown|ProduceStepType_Unknown|Description_ProduceCardIsInitial|produceDescriptions[10].text,状態の場合、,狀態的時候，,todo/new,狀態的時候，,,：
ProduceCard.json,p_card-03-act-2_067|1|ProduceDescriptionType_Exam|ExamDescriptionType_CustomizeInitialAdd|ProduceExamEffectType_Unknown|ProduceCardCategory_Unknown|ProduceCardMovePositionType_Unknown|ProduceStepType_Unknown|Description_ProduceCardIsInitial|produceDescriptions[11].text,スキルカード使用数追加,技能卡使用數追加,todo/new,技能卡使用數追加,,直接效果
ProduceCard.json,p_card-03-act-2_067|1|ProduceDescriptionType_Exam|ExamDescriptionType_CustomizeInitialAdd|ProduceExamEffectType_Unknown|ProduceCardCategory_Unknown|ProduceCardMovePositionType_Unknown|ProduceStepType_Unknown|Description_ProduceCardIsInitial|produceDescriptions[19].text,直接効果,直接效果,todo/new,直接效果,,課程中僅限1次
ProduceCard.json,p_card-03-act-2_067|2|ProduceDescriptionType_Exam|ExamDescriptionType_CustomizeInitialAdd|ProduceExamEffectType_Unknown|ProduceCardCategory_Unknown|ProduceCardMovePositionType_Unknown|ProduceStepType_Unknown|Description_ProduceCardIsInitial|produceDescriptions[9].text,温存,溫存,todo/new,溫存,,成長
ProduceCard.json,p_card-03-act-2_067|2|ProduceDescriptionType_Exam|ExamDescriptionType_CustomizeInitialAdd|ProduceExamEffectType_Unknown|ProduceCardCategory_Unknown|ProduceCardMovePositionType_Unknown|ProduceStepType_Unknown|Description_ProduceCardIsInitial|produceDescriptions[10].text,状態の場合、,狀態的時候，,todo/new,狀態的時候，,,：
ProduceCard.json,p_card-03-act-2_067|2|ProduceDescriptionType_Exam|ExamDescriptionType_CustomizeInitialAdd|ProduceExamEffectType_Unknown|ProduceCardCategory_Unknown|ProduceCardMovePositionType_Unknown|ProduceStepType_Unknown|Description_ProduceCardIsInitial|produceDescriptions[11].text,スキルカード使用数追加,技能卡使用數追加,todo/new,技能卡使用數追加,,直接效果
ProduceCard.json,p_card-03-act-2_067|2|ProduceDescriptionType_Exam|ExamDescriptionType_CustomizeInitialAdd|ProduceExamEffectType_Unknown|ProduceCardCategory_Unknown|ProduceCardMovePositionType_Unknown|ProduceStepType_Unknown|Description_ProduceCardIsInitial|produceDescriptions[19].text,直接効果,直接效果,todo/new,直接效果,,課程中僅限1次
ProduceCard.json,p_card-03-act-2_067|3|ProduceDescriptionType_Exam|ExamDescriptionType_CustomizeInitialAdd|ProduceExamEffectType_Unknown|ProduceCardCategory_Unknown|ProduceCardMovePositionType_Unknown|ProduceStepType_Unknown|Description_ProduceCardIsInitial|produceDescriptions[9].text,温存,溫存,todo/new,溫存,,成長
ProduceCard.json,p_card-03-act-2_067|3|ProduceDescriptionType_Exam|ExamDescriptionType_CustomizeInitialAdd|ProduceExamEffectType_Unknown|ProduceCardCategory_Unknown|ProduceCardMovePositionType_Unknown|ProduceStepType_Unknown|Description_ProduceCardIsInitial|produceDescriptions[10].text,状態の場合、,狀態的時候，,todo/new,狀態的時候，,,：
ProduceCard.json,p_card-03-act-2_067|3|ProduceDescriptionType_Exam|ExamDescriptionType_CustomizeInitialAdd|ProduceExamEffectType_Unknown|ProduceCardCategory_Unknown|ProduceCardMovePositionType_Unknown|ProduceStepType_Unknown|Description_ProduceCardIsInitial|produceDescriptions[11].text,スキルカード使用数追加,技能卡使用數追加,todo/new,技能卡使用數追加,,直接效果
ProduceCard.json,p_card-03-act-2_067|3|ProduceDescriptionType_Exam|ExamDescriptionType_CustomizeInitialAdd|ProduceExamEffectType_Unknown|ProduceCardCategory_Unknown|ProduceCardMovePositionType_Unknown|ProduceStepType_Unknown|Description_ProduceCardIsInitial|produceDescriptions[19].text,直接効果,直接效果,todo/new,直接效果,,課程中僅限1次
ProduceCard.json,p_card-03-act-2_071|0|ProduceDescriptionType_Exam|ExamDescriptionType_CustomizeInitialAdd|ProduceExamEffectType_Unknown|ProduceCardCategory_Unknown|ProduceCardMovePositionType_Unknown|ProduceStepType_Unknown|Description_ProduceCardIsInitial|produceDescriptions[13].text,%分、,%數值，變為,todo/new,%數值，變為,,溫存
ProduceCard.json,p_card-03-act-2_071|0|ProduceDescriptionType_Exam|ExamDescriptionType_CustomizeInitialAdd|ProduceExamEffectType_Unknown|ProduceCardCategory_Unknown|ProduceCardMovePositionType_Unknown|ProduceStepType_Unknown|Description_ProduceCardIsInitial|produceDescriptions[14].text,パラメータ,打分,todo/new,打分,,變更
ProduceCard.json,p_card-03-act-2_071|0|ProduceDescriptionType_Exam|ExamDescriptionType_CustomizeInitialAdd|ProduceExamEffectType_Unknown|ProduceCardCategory_Unknown|ProduceCardMovePositionType_Unknown|ProduceStepType_Unknown|Description_ProduceCardIsInitial|produceDescriptions[15].text,上昇量増加）,上升量增加）,todo/new,上升量增加）,, 
ProduceCard.json,p_card-03-act-2_071|0|ProduceDescriptionType_Exam|ExamDescriptionType_CustomizeInitialAdd|ProduceExamEffectType_Unknown|ProduceCardCategory_Unknown|ProduceCardMovePositionType_Unknown|ProduceStepType_Unknown|Description_ProduceCardIsInitial|produceDescriptions[18].text,以降,之後,todo/new,之後,,課程中僅限1次
ProduceCard.json,p_card-03-act-2_071|1|ProduceDescriptionType_Exam|ExamDescriptionType_CustomizeInitialAdd|ProduceExamEffectType_Unknown|ProduceCardCategory_Unknown|ProduceCardMovePositionType_Unknown|ProduceStepType_Unknown|Description_ProduceCardIsInitial|produceDescriptions[13].text,%分、,%數值，變為,todo/new,%數值，變為,,溫存
ProduceCard.json,p_card-03-act-2_071|1|ProduceDescriptionType_Exam|ExamDescriptionType_CustomizeInitialAdd|ProduceExamEffectType_Unknown|ProduceCardCategory_Unknown|ProduceCardMovePositionType_Unknown|ProduceStepType_Unknown|Description_ProduceCardIsInitial|produceDescriptions[14].text,パラメータ,打分,todo/new,打分,,2
ProduceCard.json,p_card-03-act-2_071|1|ProduceDescriptionType_Exam|ExamDescriptionType_CustomizeInitialAdd|ProduceExamEffectType_Unknown|ProduceCardCategory_Unknown|ProduceCardMovePositionType_Unknown|ProduceStepType_Unknown|Description_ProduceCardIsInitial|produceDescriptions[15].text,上昇量増加）,上升量增加）,todo/new,上升量增加）,,階段變更
ProduceCard.json,p_card-03-act-2_071|2|ProduceDescriptionType_Exam|ExamDescriptionType_CustomizeInitialAdd|ProduceExamEffectType_Unknown|ProduceCardCategory_Unknown|ProduceCardMovePositionType_Unknown|ProduceStepType_Unknown|Description_ProduceCardIsInitial|produceDescriptions[13].text,%分、,%數值，變為,todo/new,%數值，變為,,溫存
ProduceCard.json,p_card-03-act-2_071|2|ProduceDescriptionType_Exam|ExamDescriptionType_CustomizeInitialAdd|ProduceExamEffectType_Unknown|ProduceCardCategory_Unknown|ProduceCardMovePositionType_Unknown|ProduceStepType_Unknown|Description_ProduceCardIsInitial|produceDescriptions[14].text,パラメータ,打分,todo/new,打分,,2
ProduceCard.json,p_card-03-act-2_071|2|ProduceDescriptionType_Exam|ExamDescriptionType_CustomizeInitialAdd|ProduceExamEffectType_Unknown|ProduceCardCategory_Unknown|ProduceCardMovePositionType_Unknown|ProduceStepType_Unknown|Description_ProduceCardIsInitial|produceDescriptions[15].text,上昇量増加）,上升量增加）,todo/new,上升量增加）,,階段變更
ProduceCard.json,p_card-03-act-2_071|3|ProduceDescriptionType_Exam|ExamDescriptionType_CustomizeInitialAdd|ProduceExamEffectType_Unknown|ProduceCardCategory_Unknown|ProduceCardMovePositionType_Unknown|ProduceStepType_Unknown|Description_ProduceCardIsInitial|produceDescriptions[13].text,%分、,%數值，變為,todo/new,%數值，變為,,溫存
ProduceCard.json,p_card-03-act-2_071|3|ProduceDescriptionType_Exam|ExamDescriptionType_CustomizeInitialAdd|ProduceExamEffectType_Unknown|ProduceCardCategory_Unknown|ProduceCardMovePositionType_Unknown|ProduceStepType_Unknown|Description_ProduceCardIsInitial|produceDescriptions[14].text,パラメータ,打分,todo/new,打分,,2
ProduceCard.json,p_card-03-act-2_071|3|ProduceDescriptionType_Exam|ExamDescriptionType_CustomizeInitialAdd|ProduceExamEffectType_Unknown|ProduceCardCategory_Unknown|ProduceCardMovePositionType_Unknown|ProduceStepType_Unknown|Description_ProduceCardIsInitial|produceDescriptions[15].text,上昇量増加）,上升量增加）,todo/new,上升量增加）,,階段變更
ProduceDescriptionProduceEffect.json,ProduceEffectType_AuditionNpcEnhance|name,ライバルのスコア,對手的得分,todo/new,對手的得分,,對手的分數
ProduceExamEffect.json,e_effect-exam_card_move-p_card_search-active_skill-lost-deck_random-all-0_0|ProduceDescriptionType_PlainText|ExamDescriptionType_Unknown|ProduceExamEffectType_Unknown|ProduceCardGrowEffectType_Unknown|ProduceCardCategory_Unknown|ProduceCardMovePositionType_Unknown|ProduceStepType_Unknown|ProduceStepBusinessType_Unknown||ProduceDescriptionType_PlainText|ExamDescriptionType_Unknown|ProduceExamEffectType_Unknown|ProduceCardGrowEffectType_Unknown|ProduceCardCategory_Unknown|ProduceCardMovePositionType_Unknown|ProduceStepType_Unknown|ProduceStepBusinessType_Unknown||produceDescriptions[4].text,に移動,移動,todo/new,移動,,中移動
ProduceExamEffect.json,e_effect-exam_card_move-p_card_search-active_skill-lost-deck_random-all-0_0|ProduceDescriptionType_PlainText|ExamDescriptionType_Unknown|ProduceExamEffectType_Unknown|ProduceCardGrowEffectType_Unknown|ProduceCardCategory_Unknown|ProduceCardMovePositionType_Unknown|ProduceStepType_Unknown|ProduceStepBusinessType_Unknown||ProduceDescriptionType_PlainText|ExamDescriptionType_Unknown|ProduceExamEffectType_Unknown|ProduceCardGrowEffectType_Unknown|ProduceCardCategory_Unknown|ProduceCardMovePositionType_Unknown|ProduceStepType_Unknown|ProduceStepBusinessType_Unknown||customizeProduceDescriptions[4].text,に移動,移動,todo/new,移動,,中移動
ProduceExamEffect.json,e_effect-exam_card_move-p_card_search-deck_all-hold-select-1_1|ProduceDescriptionType_PlainText|ExamDescriptionType_Unknown|ProduceExamEffectType_Unknown|ProduceCardGrowEffectType_Unknown|ProduceCardCategory_Unknown|ProduceCardMovePositionType_Unknown|ProduceStepType_Unknown|ProduceStepBusinessType_Unknown||ProduceDescriptionType_PlainText|ExamDescriptionType_Unknown|ProduceExamEffectType_Unknown|ProduceCardGrowEffectType_Unknown|ProduceCardCategory_Unknown|ProduceCardMovePositionType_Unknown|ProduceStepType_Unknown|ProduceStepBusinessType_Unknown||produceDescriptions[2].text,に移動,移動,todo/new,移動,,中移動
ProduceExamEffect.json,e_effect-exam_card_move-p_card_search-deck_all-hold-select-1_1|ProduceDescriptionType_PlainText|ExamDescriptionType_Unknown|ProduceExamEffectType_Unknown|ProduceCardGrowEffectType_Unknown|ProduceCardCategory_Unknown|ProduceCardMovePositionType_Unknown|ProduceStepType_Unknown|ProduceStepBusinessType_Unknown||ProduceDescriptionType_PlainText|ExamDescriptionType_Unknown|ProduceExamEffectType_Unknown|ProduceCardGrowEffectType_Unknown|ProduceCardCategory_Unknown|ProduceCardMovePositionType_Unknown|ProduceStepType_Unknown|ProduceStepBusinessType_Unknown||customizeProduceDescriptions[2].text,に移動,移動,todo/new,移動,,中移動
ProduceExamEffect.json,e_effect-exam_card_move-p_card_search-deck_all-hold-select-2_2|ProduceDescriptionType_PlainText|ExamDescriptionType_Unknown|ProduceExamEffectType_Unknown|ProduceCardGrowEffectType_Unknown|ProduceCardCategory_Unknown|ProduceCardMovePositionType_Unknown|ProduceStepType_Unknown|ProduceStepBusinessType_Unknown||ProduceDescriptionType_PlainText|ExamDescriptionType_Unknown|ProduceExamEffectType_Unknown|ProduceCardGrowEffectType_Unknown|ProduceCardCategory_Unknown|ProduceCardMovePositionType_Unknown|ProduceStepType_Unknown|ProduceStepBusinessType_Unknown||produceDescriptions[2].text,に移動,移動,todo/new,移動,,中移動
ProduceExamEffect.json,e_effect-exam_card_move-p_card_search-deck_all-hold-select-2_2|ProduceDescriptionType_PlainText|ExamDescriptionType_Unknown|ProduceExamEffectType_Unknown|ProduceCardGrowEffectType_Unknown|ProduceCardCategory_Unknown|ProduceCardMovePositionType_Unknown|ProduceStepType_Unknown|ProduceStepBusinessType_Unknown||ProduceDescriptionType_PlainText|ExamDescriptionType_Unknown|ProduceExamEffectType_Unknown|ProduceCardGrowEffectType_Unknown|ProduceCardCategory_Unknown|ProduceCardMovePositionType_Unknown|ProduceStepType_Unknown|ProduceStepBusinessType_Unknown||customizeProduceDescriptions[2].text,に移動,移動,todo/new,移動,,中移動
ProduceExamEffect.json,e_effect-exam_card_move-p_card_search-deck_all-p_card-03-ido-3_084-hold-all-0_0|ProduceDescriptionType_ProduceCard|ExamDescriptionType_Unknown|ProduceExamEffectType_Unknown|ProduceCardGrowEffectType_Unknown|ProduceCardCategory_Unknown|ProduceCardMovePositionType_Unknown|ProduceStepType_Unknown|ProduceStepBusinessType_Unknown|p_card-03-ido-3_084|ProduceDescriptionType_ProduceCard|ExamDescriptionType_Unknown|ProduceExamEffectType_Unknown|ProduceCardGrowEffectType_Unknown|ProduceCardCategory_Unknown|ProduceCardMovePositionType_Unknown|ProduceStepType_Unknown|ProduceStepBusinessType_Unknown|p_card-03-ido-3_084|produceDescriptions[3].text,に移動,移動,todo/new,移動,,中移動
ProduceExamEffect.json,e_effect-exam_card_move-p_card_search-deck_all-p_card-03-ido-3_084-hold-all-0_0|ProduceDescriptionType_ProduceCard|ExamDescriptionType_Unknown|ProduceExamEffectType_Unknown|ProduceCardGrowEffectType_Unknown|ProduceCardCategory_Unknown|ProduceCardMovePositionType_Unknown|ProduceStepType_Unknown|ProduceStepBusinessType_Unknown|p_card-03-ido-3_084|ProduceDescriptionType_ProduceCard|ExamDescriptionType_Unknown|ProduceExamEffectType_Unknown|ProduceCardGrowEffectType_Unknown|ProduceCardCategory_Unknown|ProduceCardMovePositionType_Unknown|ProduceStepType_Unknown|ProduceStepBusinessType_Unknown|p_card-03-ido-3_084|customizeProduceDescriptions[3].text,に移動,移動,todo/new,移動,,中移動
ProduceExamEffect.json,e_effect-exam_card_move-p_card_search-deck_all-p_card-03-ido-3_144-hold-all-0_0|ProduceDescriptionType_ProduceCard|ExamDescriptionType_Unknown|ProduceExamEffectType_Unknown|ProduceCardGrowEffectType_Unknown|ProduceCardCategory_Unknown|ProduceCardMovePositionType_Unknown|ProduceStepType_Unknown|ProduceStepBusinessType_Unknown|p_card-03-ido-3_144|ProduceDescriptionType_ProduceCard|ExamDescriptionType_Unknown|ProduceExamEffectType_Unknown|ProduceCardGrowEffectType_Unknown|ProduceCardCategory_Unknown|ProduceCardMovePositionType_Unknown|ProduceStepType_Unknown|ProduceStepBusinessType_Unknown|p_card-03-ido-3_144|produceDescriptions[3].text,に移動,移動,todo/new,移動,,中移動
ProduceExamEffect.json,e_effect-exam_card_move-p_card_search-deck_all-p_card-03-ido-3_144-hold-all-0_0|ProduceDescriptionType_ProduceCard|ExamDescriptionType_Unknown|ProduceExamEffectType_Unknown|ProduceCardGrowEffectType_Unknown|ProduceCardCategory_Unknown|ProduceCardMovePositionType_Unknown|ProduceStepType_Unknown|ProduceStepBusinessType_Unknown|p_card-03-ido-3_144|ProduceDescriptionType_ProduceCard|ExamDescriptionType_Unknown|ProduceExamEffectType_Unknown|ProduceCardGrowEffectType_Unknown|ProduceCardCategory_Unknown|ProduceCardMovePositionType_Unknown|ProduceStepType_Unknown|ProduceStepBusinessType_Unknown|p_card-03-ido-3_144|customizeProduceDescriptions[3].text,に移動,移動,todo/new,移動,,中移動
ProduceExamEffect.json,e_effect-exam_card_move-p_card_search-deck_all-p_card-03-ido-3_163-hold-all-0_0|ProduceDescriptionType_ProduceCard|ExamDescriptionType_Unknown|ProduceExamEffectType_Unknown|ProduceCardGrowEffectType_Unknown|ProduceCardCategory_Unknown|ProduceCardMovePositionType_Unknown|ProduceStepType_Unknown|ProduceStepBusinessType_Unknown|p_card-03-ido-3_163|ProduceDescriptionType_ProduceCard|ExamDescriptionType_Unknown|ProduceExamEffectType_Unknown|ProduceCardGrowEffectType_Unknown|ProduceCardCategory_Unknown|ProduceCardMovePositionType_Unknown|ProduceStepType_Unknown|ProduceStepBusinessType_Unknown|p_card-03-ido-3_163|produceDescriptions[3].text,に移動,移動,todo/new,移動,,中移動
ProduceExamEffect.json,e_effect-exam_card_move-p_card_search-deck_all-p_card-03-ido-3_163-hold-all-0_0|ProduceDescriptionType_ProduceCard|ExamDescriptionType_Unknown|ProduceExamEffectType_Unknown|ProduceCardGrowEffectType_Unknown|ProduceCardCategory_Unknown|ProduceCardMovePositionType_Unknown|ProduceStepType_Unknown|ProduceStepBusinessType_Unknown|p_card-03-ido-3_163|ProduceDescriptionType_ProduceCard|ExamDescriptionType_Unknown|ProduceExamEffectType_Unknown|ProduceCardGrowEffectType_Unknown|ProduceCardCategory_Unknown|ProduceCardMovePositionType_Unknown|ProduceStepType_Unknown|ProduceStepBusinessType_Unknown|p_card-03-ido-3_163|customizeProduceDescriptions[3].text,に移動,移動,todo/new,移動,,中移動
ProduceExamEffect.json,e_effect-exam_card_move-p_card_search-deck_all-starter-lost-all-0_0|ProduceDescriptionType_PlainText|ExamDescriptionType_Unknown|ProduceExamEffectType_Unknown|ProduceCardGrowEffectType_Unknown|ProduceCardCategory_Unknown|ProduceCardMovePositionType_Unknown|ProduceStepType_Unknown|ProduceStepBusinessType_Unknown||ProduceDescriptionType_PlainText|ExamDescriptionType_Unknown|ProduceExamEffectType_Unknown|ProduceCardGrowEffectType_Unknown|ProduceCardCategory_Unknown|ProduceCardMovePositionType_Unknown|ProduceStepType_Unknown|ProduceStepBusinessType_Unknown||produceDescriptions[2].text,に移動,移動,todo/new,移動,,中移動
ProduceExamEffect.json,e_effect-exam_card_move-p_card_search-deck_all-starter-lost-all-0_0|ProduceDescriptionType_PlainText|ExamDescriptionType_Unknown|ProduceExamEffectType_Unknown|ProduceCardGrowEffectType_Unknown|ProduceCardCategory_Unknown|ProduceCardMovePositionType_Unknown|ProduceStepType_Unknown|ProduceStepBusinessType_Unknown||ProduceDescriptionType_PlainText|ExamDescriptionType_Unknown|ProduceExamEffectType_Unknown|ProduceCardGrowEffectType_Unknown|ProduceCardCategory_Unknown|ProduceCardMovePositionType_Unknown|ProduceStepType_Unknown|ProduceStepBusinessType_Unknown||customizeProduceDescriptions[2].text,に移動,移動,todo/new,移動,,中移動
ProduceExamEffect.json,e_effect-exam_card_move-p_card_search-deck_grave-1-p_card-03-act-1_040_upgrade1-hand-all-0_0|ProduceDescriptionType_PlainText|ExamDescriptionType_Unknown|ProduceExamEffectType_Unknown|ProduceCardGrowEffectType_Unknown|ProduceCardCategory_Unknown|ProduceCardMovePositionType_Unknown|ProduceStepType_Unknown|ProduceStepBusinessType_Unknown||ProduceDescriptionType_PlainText|ExamDescriptionType_Unknown|ProduceExamEffectType_Unknown|ProduceCardGrowEffectType_Unknown|ProduceCardCategory_Unknown|ProduceCardMovePositionType_Unknown|ProduceStepType_Unknown|ProduceStepBusinessType_Unknown||produceDescriptions[4].text,に移動,移動,todo/new,移動,,中移動
ProduceExamEffect.json,e_effect-exam_card_move-p_card_search-deck_grave-1-p_card-03-act-1_040_upgrade1-hand-all-0_0|ProduceDescriptionType_PlainText|ExamDescriptionType_Unknown|ProduceExamEffectType_Unknown|ProduceCardGrowEffectType_Unknown|ProduceCardCategory_Unknown|ProduceCardMovePositionType_Unknown|ProduceStepType_Unknown|ProduceStepBusinessType_Unknown||ProduceDescriptionType_PlainText|ExamDescriptionType_Unknown|ProduceExamEffectType_Unknown|ProduceCardGrowEffectType_Unknown|ProduceCardCategory_Unknown|ProduceCardMovePositionType_Unknown|ProduceStepType_Unknown|ProduceStepBusinessType_Unknown||customizeProduceDescriptions[4].text,に移動,移動,todo/new,移動,,中移動
ProduceExamEffect.json,e_effect-exam_card_move-p_card_search-deck_grave-effect_group-visible-exam_preservation-000-hand-random-1_1|ProduceDescriptionType_PlainText|ExamDescriptionType_Unknown|ProduceExamEffectType_Unknown|ProduceCardGrowEffectType_Unknown|ProduceCardCategory_Unknown|ProduceCardMovePositionType_Unknown|ProduceStepType_Unknown|ProduceStepBusinessType_Unknown||ProduceDescriptionType_PlainText|ExamDescriptionType_Unknown|ProduceExamEffectType_Unknown|ProduceCardGrowEffectType_Unknown|ProduceCardCategory_Unknown|ProduceCardMovePositionType_Unknown|ProduceStepType_Unknown|ProduceStepBusinessType_Unknown||produceDescriptions[4].text,に移動,移動,todo/new,移動,,中移動
ProduceExamEffect.json,e_effect-exam_card_move-p_card_search-deck_grave-effect_group-visible-exam_preservation-000-hand-random-1_1|ProduceDescriptionType_PlainText|ExamDescriptionType_Unknown|ProduceExamEffectType_Unknown|ProduceCardGrowEffectType_Unknown|ProduceCardCategory_Unknown|ProduceCardMovePositionType_Unknown|ProduceStepType_Unknown|ProduceStepBusinessType_Unknown||ProduceDescriptionType_PlainText|ExamDescriptionType_Unknown|ProduceExamEffectType_Unknown|ProduceCardGrowEffectType_Unknown|ProduceCardCategory_Unknown|ProduceCardMovePositionType_Unknown|ProduceStepType_Unknown|ProduceStepBusinessType_Unknown||customizeProduceDescriptions[4].text,に移動,移動,todo/new,移動,,中移動
ProduceExamEffect.json,e_effect-exam_card_move-p_card_search-deck_grave-hand-select-1_1|ProduceDescriptionType_PlainText|ExamDescriptionType_Unknown|ProduceExamEffectType_Unknown|ProduceCardGrowEffectType_Unknown|ProduceCardCategory_Unknown|ProduceCardMovePositionType_Unknown|ProduceStepType_Unknown|ProduceStepBusinessType_Unknown||ProduceDescriptionType_PlainText|ExamDescriptionType_Unknown|ProduceExamEffectType_Unknown|ProduceCardGrowEffectType_Unknown|ProduceCardCategory_Unknown|ProduceCardMovePositionType_Unknown|ProduceStepType_Unknown|ProduceStepBusinessType_Unknown||produceDescriptions[2].text,に移動,移動,todo/new,移動,,中移動
ProduceExamEffect.json,e_effect-exam_card_move-p_card_search-deck_grave-hand-select-1_1|ProduceDescriptionType_PlainText|ExamDescriptionType_Unknown|ProduceExamEffectType_Unknown|ProduceCardGrowEffectType_Unknown|ProduceCardCategory_Unknown|ProduceCardMovePositionType_Unknown|ProduceStepType_Unknown|ProduceStepBusinessType_Unknown||ProduceDescriptionType_PlainText|ExamDescriptionType_Unknown|ProduceExamEffectType_Unknown|ProduceCardGrowEffectType_Unknown|ProduceCardCategory_Unknown|ProduceCardMovePositionType_Unknown|ProduceStepType_Unknown|ProduceStepBusinessType_Unknown||customizeProduceDescriptions[2].text,に移動,移動,todo/new,移動,,中移動
ProduceExamEffect.json,e_effect-exam_card_move-p_card_search-deck_grave-hold-select-0_2|ProduceDescriptionType_PlainText|ExamDescriptionType_Unknown|ProduceExamEffectType_Unknown|ProduceCardGrowEffectType_Unknown|ProduceCardCategory_Unknown|ProduceCardMovePositionType_Unknown|ProduceStepType_Unknown|ProduceStepBusinessType_Unknown||ProduceDescriptionType_PlainText|ExamDescriptionType_Unknown|ProduceExamEffectType_Unknown|ProduceCardGrowEffectType_Unknown|ProduceCardCategory_Unknown|ProduceCardMovePositionType_Unknown|ProduceStepType_Unknown|ProduceStepBusinessType_Unknown||produceDescriptions[2].text,に移動,移動,todo/new,移動,,中移動
ProduceExamEffect.json,e_effect-exam_card_move-p_card_search-deck_grave-hold-select-0_2|ProduceDescriptionType_PlainText|ExamDescriptionType_Unknown|ProduceExamEffectType_Unknown|ProduceCardGrowEffectType_Unknown|ProduceCardCategory_Unknown|ProduceCardMovePositionType_Unknown|ProduceStepType_Unknown|ProduceStepBusinessType_Unknown||ProduceDescriptionType_PlainText|ExamDescriptionType_Unknown|ProduceExamEffectType_Unknown|ProduceCardGrowEffectType_Unknown|ProduceCardCategory_Unknown|ProduceCardMovePositionType_Unknown|ProduceStepType_Unknown|ProduceStepBusinessType_Unknown||customizeProduceDescriptions[2].text,に移動,移動,todo/new,移動,,中移動
ProduceExamEffect.json,e_effect-exam_card_move-p_card_search-deck_grave-hold-select-1_1|ProduceDescriptionType_PlainText|ExamDescriptionType_Unknown|ProduceExamEffectType_Unknown|ProduceCardGrowEffectType_Unknown|ProduceCardCategory_Unknown|ProduceCardMovePositionType_Unknown|ProduceStepType_Unknown|ProduceStepBusinessType_Unknown||ProduceDescriptionType_PlainText|ExamDescriptionType_Unknown|ProduceExamEffectType_Unknown|ProduceCardGrowEffectType_Unknown|ProduceCardCategory_Unknown|ProduceCardMovePositionType_Unknown|ProduceStepType_Unknown|ProduceStepBusinessType_Unknown||produceDescriptions[2].text,に移動,移動,todo/new,移動,,中移動
ProduceExamEffect.json,e_effect-exam_card_move-p_card_search-deck_grave-hold-select-1_1|ProduceDescriptionType_PlainText|ExamDescriptionType_Unknown|ProduceExamEffectType_Unknown|ProduceCardGrowEffectType_Unknown|ProduceCardCategory_Unknown|ProduceCardMovePositionType_Unknown|ProduceStepType_Unknown|ProduceStepBusinessType_Unknown||ProduceDescriptionType_PlainText|ExamDescriptionType_Unknown|ProduceExamEffectType_Unknown|ProduceCardGrowEffectType_Unknown|ProduceCardCategory_Unknown|ProduceCardMovePositionType_Unknown|ProduceStepType_Unknown|ProduceStepBusinessType_Unknown||customizeProduceDescriptions[2].text,に移動,移動,todo/new,移動,,中移動
ProduceExamEffect.json,e_effect-exam_card_move-p_card_search-deck_grave-hold-select-2_2|ProduceDescriptionType_PlainText|ExamDescriptionType_Unknown|ProduceExamEffectType_Unknown|ProduceCardGrowEffectType_Unknown|ProduceCardCategory_Unknown|ProduceCardMovePositionType_Unknown|ProduceStepType_Unknown|ProduceStepBusinessType_Unknown||ProduceDescriptionType_PlainText|ExamDescriptionType_Unknown|ProduceExamEffectType_Unknown|ProduceCardGrowEffectType_Unknown|ProduceCardCategory_Unknown|ProduceCardMovePositionType_Unknown|ProduceStepType_Unknown|ProduceStepBusinessType_Unknown||produceDescriptions[2].text,に移動,移動,todo/new,移動,,中移動
ProduceExamEffect.json,e_effect-exam_card_move-p_card_search-deck_grave-hold-select-2_2|ProduceDescriptionType_PlainText|ExamDescriptionType_Unknown|ProduceExamEffectType_Unknown|ProduceCardGrowEffectType_Unknown|ProduceCardCategory_Unknown|ProduceCardMovePositionType_Unknown|ProduceStepType_Unknown|ProduceStepBusinessType_Unknown||ProduceDescriptionType_PlainText|ExamDescriptionType_Unknown|ProduceExamEffectType_Unknown|ProduceCardGrowEffectType_Unknown|ProduceCardCategory_Unknown|ProduceCardMovePositionType_Unknown|ProduceStepType_Unknown|ProduceStepBusinessType_Unknown||customizeProduceDescriptions[2].text,に移動,移動,todo/new,移動,,中移動
ProduceExamEffect.json,e_effect-exam_card_move-p_card_search-deck_grave-idol-unique-1-hand-all-0_0|ProduceDescriptionType_PlainText|ExamDescriptionType_Unknown|ProduceExamEffectType_Unknown|ProduceCardGrowEffectType_Unknown|ProduceCardCategory_Unknown|ProduceCardMovePositionType_Unknown|ProduceStepType_Unknown|ProduceStepBusinessType_Unknown||ProduceDescriptionType_PlainText|ExamDescriptionType_Unknown|ProduceExamEffectType_Unknown|ProduceCardGrowEffectType_Unknown|ProduceCardCategory_Unknown|ProduceCardMovePositionType_Unknown|ProduceStepType_Unknown|ProduceStepBusinessType_Unknown||produceDescriptions[2].text,に移動,移動,todo/new,移動,,中移動
ProduceExamEffect.json,e_effect-exam_card_move-p_card_search-deck_grave-idol-unique-1-hand-all-0_0|ProduceDescriptionType_PlainText|ExamDescriptionType_Unknown|ProduceExamEffectType_Unknown|ProduceCardGrowEffectType_Unknown|ProduceCardCategory_Unknown|ProduceCardMovePositionType_Unknown|ProduceStepType_Unknown|ProduceStepBusinessType_Unknown||ProduceDescriptionType_PlainText|ExamDescriptionType_Unknown|ProduceExamEffectType_Unknown|ProduceCardGrowEffectType_Unknown|ProduceCardCategory_Unknown|ProduceCardMovePositionType_Unknown|ProduceStepType_Unknown|ProduceStepBusinessType_Unknown||customizeProduceDescriptions[2].text,に移動,移動,todo/new,移動,,中移動
ProduceExamEffect.json,e_effect-exam_card_move-p_card_search-deck_grave-p_card-00-acc-0_002-lost-random-1_1|ProduceDescriptionType_PlainText|ExamDescriptionType_Unknown|ProduceExamEffectType_Unknown|ProduceCardGrowEffectType_Unknown|ProduceCardCategory_Unknown|ProduceCardMovePositionType_Unknown|ProduceStepType_Unknown|ProduceStepBusinessType_Unknown||ProduceDescriptionType_PlainText|ExamDescriptionType_Unknown|ProduceExamEffectType_Unknown|ProduceCardGrowEffectType_Unknown|ProduceCardCategory_Unknown|ProduceCardMovePositionType_Unknown|ProduceStepType_Unknown|ProduceStepBusinessType_Unknown||produceDescriptions[4].text,に移動,移動,todo/new,移動,,中移動
ProduceExamEffect.json,e_effect-exam_card_move-p_card_search-deck_grave-p_card-00-acc-0_002-lost-random-1_1|ProduceDescriptionType_PlainText|ExamDescriptionType_Unknown|ProduceExamEffectType_Unknown|ProduceCardGrowEffectType_Unknown|ProduceCardCategory_Unknown|ProduceCardMovePositionType_Unknown|ProduceStepType_Unknown|ProduceStepBusinessType_Unknown||ProduceDescriptionType_PlainText|ExamDescriptionType_Unknown|ProduceExamEffectType_Unknown|ProduceCardGrowEffectType_Unknown|ProduceCardCategory_Unknown|ProduceCardMovePositionType_Unknown|ProduceStepType_Unknown|ProduceStepBusinessType_Unknown||customizeProduceDescriptions[4].text,に移動,移動,todo/new,移動,,中移動
ProduceExamEffect.json,e_effect-exam_card_move-p_card_search-deck-hold-select-1_1|ProduceDescriptionType_PlainText|ExamDescriptionType_Unknown|ProduceExamEffectType_Unknown|ProduceCardGrowEffectType_Unknown|ProduceCardCategory_Unknown|ProduceCardMovePositionType_Unknown|ProduceStepType_Unknown|ProduceStepBusinessType_Unknown||ProduceDescriptionType_PlainText|ExamDescriptionType_Unknown|ProduceExamEffectType_Unknown|ProduceCardGrowEffectType_Unknown|ProduceCardCategory_Unknown|ProduceCardMovePositionType_Unknown|ProduceStepType_Unknown|ProduceStepBusinessType_Unknown||produceDescriptions[2].text,に移動,移動,todo/new,移動,,中移動
ProduceExamEffect.json,e_effect-exam_card_move-p_card_search-deck-hold-select-1_1|ProduceDescriptionType_PlainText|ExamDescriptionType_Unknown|ProduceExamEffectType_Unknown|ProduceCardGrowEffectType_Unknown|ProduceCardCategory_Unknown|ProduceCardMovePositionType_Unknown|ProduceStepType_Unknown|ProduceStepBusinessType_Unknown||ProduceDescriptionType_PlainText|ExamDescriptionType_Unknown|ProduceExamEffectType_Unknown|ProduceCardGrowEffectType_Unknown|ProduceCardCategory_Unknown|ProduceCardMovePositionType_Unknown|ProduceStepType_Unknown|ProduceStepBusinessType_Unknown||customizeProduceDescriptions[2].text,に移動,移動,todo/new,移動,,中移動
ProduceExamEffect.json,e_effect-exam_card_move-p_card_search-hand-1-grave-select-1_1|ProduceDescriptionType_PlainText|ExamDescriptionType_Unknown|ProduceExamEffectType_Unknown|ProduceCardGrowEffectType_Unknown|ProduceCardCategory_Unknown|ProduceCardMovePositionType_Unknown|ProduceStepType_Unknown|ProduceStepBusinessType_Unknown||ProduceDescriptionType_PlainText|ExamDescriptionType_Unknown|ProduceExamEffectType_Unknown|ProduceCardGrowEffectType_Unknown|ProduceCardCategory_Unknown|ProduceCardMovePositionType_Unknown|ProduceStepType_Unknown|ProduceStepBusinessType_Unknown||produceDescriptions[2].text,に移動,移動,todo/new,移動,,中移動
ProduceExamEffect.json,e_effect-exam_card_move-p_card_search-hand-1-grave-select-1_1|ProduceDescriptionType_PlainText|ExamDescriptionType_Unknown|ProduceExamEffectType_Unknown|ProduceCardGrowEffectType_Unknown|ProduceCardCategory_Unknown|ProduceCardMovePositionType_Unknown|ProduceStepType_Unknown|ProduceStepBusinessType_Unknown||ProduceDescriptionType_PlainText|ExamDescriptionType_Unknown|ProduceExamEffectType_Unknown|ProduceCardGrowEffectType_Unknown|ProduceCardCategory_Unknown|ProduceCardMovePositionType_Unknown|ProduceStepType_Unknown|ProduceStepBusinessType_Unknown||customizeProduceDescriptions[2].text,に移動,移動,todo/new,移動,,中移動
ProduceExamEffect.json,e_effect-exam_card_move-p_card_search-hand-2-grave-random-2_2|ProduceDescriptionType_PlainText|ExamDescriptionType_Unknown|ProduceExamEffectType_Unknown|ProduceCardGrowEffectType_Unknown|ProduceCardCategory_Unknown|ProduceCardMovePositionType_Unknown|ProduceStepType_Unknown|ProduceStepBusinessType_Unknown||ProduceDescriptionType_PlainText|ExamDescriptionType_Unknown|ProduceExamEffectType_Unknown|ProduceCardGrowEffectType_Unknown|ProduceCardCategory_Unknown|ProduceCardMovePositionType_Unknown|ProduceStepType_Unknown|ProduceStepBusinessType_Unknown||produceDescriptions[2].text,に移動,移動,todo/new,移動,,中移動
ProduceExamEffect.json,e_effect-exam_card_move-p_card_search-hand-2-grave-random-2_2|ProduceDescriptionType_PlainText|ExamDescriptionType_Unknown|ProduceExamEffectType_Unknown|ProduceCardGrowEffectType_Unknown|ProduceCardCategory_Unknown|ProduceCardMovePositionType_Unknown|ProduceStepType_Unknown|ProduceStepBusinessType_Unknown||ProduceDescriptionType_PlainText|ExamDescriptionType_Unknown|ProduceExamEffectType_Unknown|ProduceCardGrowEffectType_Unknown|ProduceCardCategory_Unknown|ProduceCardMovePositionType_Unknown|ProduceStepType_Unknown|ProduceStepBusinessType_Unknown||customizeProduceDescriptions[2].text,に移動,移動,todo/new,移動,,中移動
ProduceExamEffect.json,e_effect-exam_card_move-p_card_search-hand-2-grave-select-2_2|ProduceDescriptionType_PlainText|ExamDescriptionType_Unknown|ProduceExamEffectType_Unknown|ProduceCardGrowEffectType_Unknown|ProduceCardCategory_Unknown|ProduceCardMovePositionType_Unknown|ProduceStepType_Unknown|ProduceStepBusinessType_Unknown||ProduceDescriptionType_PlainText|ExamDescriptionType_Unknown|ProduceExamEffectType_Unknown|ProduceCardGrowEffectType_Unknown|ProduceCardCategory_Unknown|ProduceCardMovePositionType_Unknown|ProduceStepType_Unknown|ProduceStepBusinessType_Unknown||produceDescriptions[2].text,に移動,移動,todo/new,移動,,中移動
ProduceExamEffect.json,e_effect-exam_card_move-p_card_search-hand-2-grave-select-2_2|ProduceDescriptionType_PlainText|ExamDescriptionType_Unknown|ProduceExamEffectType_Unknown|ProduceCardGrowEffectType_Unknown|ProduceCardCategory_Unknown|ProduceCardMovePositionType_Unknown|ProduceStepType_Unknown|ProduceStepBusinessType_Unknown||ProduceDescriptionType_PlainText|ExamDescriptionType_Unknown|ProduceExamEffectType_Unknown|ProduceCardGrowEffectType_Unknown|ProduceCardCategory_Unknown|ProduceCardMovePositionType_Unknown|ProduceStepType_Unknown|ProduceStepBusinessType_Unknown||customizeProduceDescriptions[2].text,に移動,移動,todo/new,移動,,中移動
ProduceExamEffect.json,e_effect-exam_card_move-p_card_search-hand-3-grave-select-3_3|ProduceDescriptionType_PlainText|ExamDescriptionType_Unknown|ProduceExamEffectType_Unknown|ProduceCardGrowEffectType_Unknown|ProduceCardCategory_Unknown|ProduceCardMovePositionType_Unknown|ProduceStepType_Unknown|ProduceStepBusinessType_Unknown||ProduceDescriptionType_PlainText|ExamDescriptionType_Unknown|ProduceExamEffectType_Unknown|ProduceCardGrowEffectType_Unknown|ProduceCardCategory_Unknown|ProduceCardMovePositionType_Unknown|ProduceStepType_Unknown|ProduceStepBusinessType_Unknown||produceDescriptions[2].text,に移動,移動,todo/new,移動,,中移動
ProduceExamEffect.json,e_effect-exam_card_move-p_card_search-hand-3-grave-select-3_3|ProduceDescriptionType_PlainText|ExamDescriptionType_Unknown|ProduceExamEffectType_Unknown|ProduceCardGrowEffectType_Unknown|ProduceCardCategory_Unknown|ProduceCardMovePositionType_Unknown|ProduceStepType_Unknown|ProduceStepBusinessType_Unknown||ProduceDescriptionType_PlainText|ExamDescriptionType_Unknown|ProduceExamEffectType_Unknown|ProduceCardGrowEffectType_Unknown|ProduceCardCategory_Unknown|ProduceCardMovePositionType_Unknown|ProduceStepType_Unknown|ProduceStepBusinessType_Unknown||customizeProduceDescriptions[2].text,に移動,移動,todo/new,移動,,中移動
ProduceExamEffect.json,e_effect-exam_card_move-p_card_search-hand-hold-select-1_1|ProduceDescriptionType_PlainText|ExamDescriptionType_Unknown|ProduceExamEffectType_Unknown|ProduceCardGrowEffectType_Unknown|ProduceCardCategory_Unknown|ProduceCardMovePositionType_Unknown|ProduceStepType_Unknown|ProduceStepBusinessType_Unknown||ProduceDescriptionType_PlainText|ExamDescriptionType_Unknown|ProduceExamEffectType_Unknown|ProduceCardGrowEffectType_Unknown|ProduceCardCategory_Unknown|ProduceCardMovePositionType_Unknown|ProduceStepType_Unknown|ProduceStepBusinessType_Unknown||produceDescriptions[2].text,に移動,移動,todo/new,移動,,中移動
ProduceExamEffect.json,e_effect-exam_card_move-p_card_search-hand-hold-select-1_1|ProduceDescriptionType_PlainText|ExamDescriptionType_Unknown|ProduceExamEffectType_Unknown|ProduceCardGrowEffectType_Unknown|ProduceCardCategory_Unknown|ProduceCardMovePositionType_Unknown|ProduceStepType_Unknown|ProduceStepBusinessType_Unknown||ProduceDescriptionType_PlainText|ExamDescriptionType_Unknown|ProduceExamEffectType_Unknown|ProduceCardGrowEffectType_Unknown|ProduceCardCategory_Unknown|ProduceCardMovePositionType_Unknown|ProduceStepType_Unknown|ProduceStepBusinessType_Unknown||customizeProduceDescriptions[2].text,に移動,移動,todo/new,移動,,中移動
ProduceExamEffect.json,e_effect-exam_card_move-p_card_search-hand-hold-select-2_2|ProduceDescriptionType_PlainText|ExamDescriptionType_Unknown|ProduceExamEffectType_Unknown|ProduceCardGrowEffectType_Unknown|ProduceCardCategory_Unknown|ProduceCardMovePositionType_Unknown|ProduceStepType_Unknown|ProduceStepBusinessType_Unknown||ProduceDescriptionType_PlainText|ExamDescriptionType_Unknown|ProduceExamEffectType_Unknown|ProduceCardGrowEffectType_Unknown|ProduceCardCategory_Unknown|ProduceCardMovePositionType_Unknown|ProduceStepType_Unknown|ProduceStepBusinessType_Unknown||produceDescriptions[2].text,に移動,移動,todo/new,移動,,中移動
ProduceExamEffect.json,e_effect-exam_card_move-p_card_search-hand-hold-select-2_2|ProduceDescriptionType_PlainText|ExamDescriptionType_Unknown|ProduceExamEffectType_Unknown|ProduceCardGrowEffectType_Unknown|ProduceCardCategory_Unknown|ProduceCardMovePositionType_Unknown|ProduceStepType_Unknown|ProduceStepBusinessType_Unknown||ProduceDescriptionType_PlainText|ExamDescriptionType_Unknown|ProduceExamEffectType_Unknown|ProduceCardGrowEffectType_Unknown|ProduceCardCategory_Unknown|ProduceCardMovePositionType_Unknown|ProduceStepType_Unknown|ProduceStepBusinessType_Unknown||customizeProduceDescriptions[2].text,に移動,移動,todo/new,移動,,中移動
ProduceExamEffect.json,e_effect-exam_card_move-p_card_search-lost-deck_last-all-0_0|ProduceDescriptionType_PlainText|ExamDescriptionType_Unknown|ProduceExamEffectType_Unknown|ProduceCardGrowEffectType_Unknown|ProduceCardCategory_Unknown|ProduceCardMovePositionType_Unknown|ProduceStepType_Unknown|ProduceStepBusinessType_Unknown||ProduceDescriptionType_PlainText|ExamDescriptionType_Unknown|ProduceExamEffectType_Unknown|ProduceCardGrowEffectType_Unknown|ProduceCardCategory_Unknown|ProduceCardMovePositionType_Unknown|ProduceStepType_Unknown|ProduceStepBusinessType_Unknown||produceDescriptions[2].text,に移動,移動,todo/new,移動,,中移動
ProduceExamEffect.json,e_effect-exam_card_move-p_card_search-lost-deck_last-all-0_0|ProduceDescriptionType_PlainText|ExamDescriptionType_Unknown|ProduceExamEffectType_Unknown|ProduceCardGrowEffectType_Unknown|ProduceCardCategory_Unknown|ProduceCardMovePositionType_Unknown|ProduceStepType_Unknown|ProduceStepBusinessType_Unknown||ProduceDescriptionType_PlainText|ExamDescriptionType_Unknown|ProduceExamEffectType_Unknown|ProduceCardGrowEffectType_Unknown|ProduceCardCategory_Unknown|ProduceCardMovePositionType_Unknown|ProduceStepType_Unknown|ProduceStepBusinessType_Unknown||customizeProduceDescriptions[2].text,に移動,移動,todo/new,移動,,中移動
ProduceExamEffect.json,e_effect-exam_card_move-p_card_search-lost-min_max-4_99-deck_random-all-0_0|ProduceDescriptionType_PlainText|ExamDescriptionType_Unknown|ProduceExamEffectType_Unknown|ProduceCardGrowEffectType_Unknown|ProduceCardCategory_Unknown|ProduceCardMovePositionType_Unknown|ProduceStepType_Unknown|ProduceStepBusinessType_Unknown||ProduceDescriptionType_PlainText|ExamDescriptionType_Unknown|ProduceExamEffectType_Unknown|ProduceCardGrowEffectType_Unknown|ProduceCardCategory_Unknown|ProduceCardMovePositionType_Unknown|ProduceStepType_Unknown|ProduceStepBusinessType_Unknown||produceDescriptions[2].text,に移動,移動,todo/new,移動,,中移動
ProduceExamEffect.json,e_effect-exam_card_move-p_card_search-lost-min_max-4_99-deck_random-all-0_0|ProduceDescriptionType_PlainText|ExamDescriptionType_Unknown|ProduceExamEffectType_Unknown|ProduceCardGrowEffectType_Unknown|ProduceCardCategory_Unknown|ProduceCardMovePositionType_Unknown|ProduceStepType_Unknown|ProduceStepBusinessType_Unknown||ProduceDescriptionType_PlainText|ExamDescriptionType_Unknown|ProduceExamEffectType_Unknown|ProduceCardGrowEffectType_Unknown|ProduceCardCategory_Unknown|ProduceCardMovePositionType_Unknown|ProduceStepType_Unknown|ProduceStepBusinessType_Unknown||customizeProduceDescriptions[2].text,に移動,移動,todo/new,移動,,中移動
ProduceExamEffect.json,e_effect-exam_card_move-p_card_search-lost-p_card-01-ido-3_164-hand-all-0_0|ProduceDescriptionType_PlainText|ExamDescriptionType_Unknown|ProduceExamEffectType_Unknown|ProduceCardGrowEffectType_Unknown|ProduceCardCategory_Unknown|ProduceCardMovePositionType_Unknown|ProduceStepType_Unknown|ProduceStepBusinessType_Unknown||ProduceDescriptionType_PlainText|ExamDescriptionType_Unknown|ProduceExamEffectType_Unknown|ProduceCardGrowEffectType_Unknown|ProduceCardCategory_Unknown|ProduceCardMovePositionType_Unknown|ProduceStepType_Unknown|ProduceStepBusinessType_Unknown||produceDescriptions[4].text,に移動,移動,todo/new,移動,,中移動
ProduceExamEffect.json,e_effect-exam_card_move-p_card_search-lost-p_card-01-ido-3_164-hand-all-0_0|ProduceDescriptionType_PlainText|ExamDescriptionType_Unknown|ProduceExamEffectType_Unknown|ProduceCardGrowEffectType_Unknown|ProduceCardCategory_Unknown|ProduceCardMovePositionType_Unknown|ProduceStepType_Unknown|ProduceStepBusinessType_Unknown||ProduceDescriptionType_PlainText|ExamDescriptionType_Unknown|ProduceExamEffectType_Unknown|ProduceCardGrowEffectType_Unknown|ProduceCardCategory_Unknown|ProduceCardMovePositionType_Unknown|ProduceStepType_Unknown|ProduceStepBusinessType_Unknown||customizeProduceDescriptions[4].text,に移動,移動,todo/new,移動,,中移動
ProduceExamEffect.json,e_effect-exam_card_move-p_card_search-lost-p_card-02-ido-3_104-hand-all-0_0|ProduceDescriptionType_PlainText|ExamDescriptionType_Unknown|ProduceExamEffectType_Unknown|ProduceCardGrowEffectType_Unknown|ProduceCardCategory_Unknown|ProduceCardMovePositionType_Unknown|ProduceStepType_Unknown|ProduceStepBusinessType_Unknown||ProduceDescriptionType_PlainText|ExamDescriptionType_Unknown|ProduceExamEffectType_Unknown|ProduceCardGrowEffectType_Unknown|ProduceCardCategory_Unknown|ProduceCardMovePositionType_Unknown|ProduceStepType_Unknown|ProduceStepBusinessType_Unknown||produceDescriptions[4].text,に移動,移動,todo/new,移動,,中移動
ProduceExamEffect.json,e_effect-exam_card_move-p_card_search-lost-p_card-02-ido-3_104-hand-all-0_0|ProduceDescriptionType_PlainText|ExamDescriptionType_Unknown|ProduceExamEffectType_Unknown|ProduceCardGrowEffectType_Unknown|ProduceCardCategory_Unknown|ProduceCardMovePositionType_Unknown|ProduceStepType_Unknown|ProduceStepBusinessType_Unknown||ProduceDescriptionType_PlainText|ExamDescriptionType_Unknown|ProduceExamEffectType_Unknown|ProduceCardGrowEffectType_Unknown|ProduceCardCategory_Unknown|ProduceCardMovePositionType_Unknown|ProduceStepType_Unknown|ProduceStepBusinessType_Unknown||customizeProduceDescriptions[4].text,に移動,移動,todo/new,移動,,中移動
ProduceExamEffect.json,e_effect-exam_card_move-p_card_search-playing-is_self-hold-all-0_0|ProduceDescriptionType_PlainText|ExamDescriptionType_Unknown|ProduceExamEffectType_Unknown|ProduceCardGrowEffectType_Unknown|ProduceCardCategory_Unknown|ProduceCardMovePositionType_Unknown|ProduceStepType_Unknown|ProduceStepBusinessType_Unknown||ProduceDescriptionType_PlainText|ExamDescriptionType_Unknown|ProduceExamEffectType_Unknown|ProduceCardGrowEffectType_Unknown|ProduceCardCategory_Unknown|ProduceCardMovePositionType_Unknown|ProduceStepType_Unknown|ProduceStepBusinessType_Unknown||produceDescriptions[2].text,に移動,移動,todo/new,移動,,中移動
ProduceExamEffect.json,e_effect-exam_card_move-p_card_search-playing-is_self-hold-all-0_0|ProduceDescriptionType_PlainText|ExamDescriptionType_Unknown|ProduceExamEffectType_Unknown|ProduceCardGrowEffectType_Unknown|ProduceCardCategory_Unknown|ProduceCardMovePositionType_Unknown|ProduceStepType_Unknown|ProduceStepBusinessType_Unknown||ProduceDescriptionType_PlainText|ExamDescriptionType_Unknown|ProduceExamEffectType_Unknown|ProduceCardGrowEffectType_Unknown|ProduceCardCategory_Unknown|ProduceCardMovePositionType_Unknown|ProduceStepType_Unknown|ProduceStepBusinessType_Unknown||customizeProduceDescriptions[2].text,に移動,移動,todo/new,移動,,中移動
ProduceExamEffect.json,e_effect-exam_card_move-p_card_search-sr-lost-deck_last-all-0_0|ProduceDescriptionType_PlainText|ExamDescriptionType_Unknown|ProduceExamEffectType_Unknown|ProduceCardGrowEffectType_Unknown|ProduceCardCategory_Unknown|ProduceCardMovePositionType_Unknown|ProduceStepType_Unknown|ProduceStepBusinessType_Unknown||ProduceDescriptionType_PlainText|ExamDescriptionType_Unknown|ProduceExamEffectType_Unknown|ProduceCardGrowEffectType_Unknown|ProduceCardCategory_Unknown|ProduceCardMovePositionType_Unknown|ProduceStepType_Unknown|ProduceStepBusinessType_Unknown||produceDescriptions[2].text,に移動,移動,todo/new,移動,,中移動
ProduceExamEffect.json,e_effect-exam_card_move-p_card_search-sr-lost-deck_last-all-0_0|ProduceDescriptionType_PlainText|ExamDescriptionType_Unknown|ProduceExamEffectType_Unknown|ProduceCardGrowEffectType_Unknown|ProduceCardCategory_Unknown|ProduceCardMovePositionType_Unknown|ProduceStepType_Unknown|ProduceStepBusinessType_Unknown||ProduceDescriptionType_PlainText|ExamDescriptionType_Unknown|ProduceExamEffectType_Unknown|ProduceCardGrowEffectType_Unknown|ProduceCardCategory_Unknown|ProduceCardMovePositionType_Unknown|ProduceStepType_Unknown|ProduceStepBusinessType_Unknown||customizeProduceDescriptions[2].text,に移動,移動,todo/new,移動,,中移動
ProduceExamEffect.json,e_effect-exam_card_move-p_card_search-sr-ssr-lost-deck_last-all-0_0|ProduceDescriptionType_PlainText|ExamDescriptionType_Unknown|ProduceExamEffectType_Unknown|ProduceCardGrowEffectType_Unknown|ProduceCardCategory_Unknown|ProduceCardMovePositionType_Unknown|ProduceStepType_Unknown|ProduceStepBusinessType_Unknown||ProduceDescriptionType_PlainText|ExamDescriptionType_Unknown|ProduceExamEffectType_Unknown|ProduceCardGrowEffectType_Unknown|ProduceCardCategory_Unknown|ProduceCardMovePositionType_Unknown|ProduceStepType_Unknown|ProduceStepBusinessType_Unknown||produceDescriptions[2].text,に移動,移動,todo/new,移動,,中移動
ProduceExamEffect.json,e_effect-exam_card_move-p_card_search-sr-ssr-lost-deck_last-all-0_0|ProduceDescriptionType_PlainText|ExamDescriptionType_Unknown|ProduceExamEffectType_Unknown|ProduceCardGrowEffectType_Unknown|ProduceCardCategory_Unknown|ProduceCardMovePositionType_Unknown|ProduceStepType_Unknown|ProduceStepBusinessType_Unknown||ProduceDescriptionType_PlainText|ExamDescriptionType_Unknown|ProduceExamEffectType_Unknown|ProduceCardGrowEffectType_Unknown|ProduceCardCategory_Unknown|ProduceCardMovePositionType_Unknown|ProduceStepType_Unknown|ProduceStepBusinessType_Unknown||customizeProduceDescriptions[2].text,に移動,移動,todo/new,移動,,中移動
ProduceExamEffect.json,e_effect-exam_card_move-p_card_search-ssr-deck_grave-hand-random-1_1|ProduceDescriptionType_PlainText|ExamDescriptionType_Unknown|ProduceExamEffectType_Unknown|ProduceCardGrowEffectType_Unknown|ProduceCardCategory_Unknown|ProduceCardMovePositionType_Unknown|ProduceStepType_Unknown|ProduceStepBusinessType_Unknown||ProduceDescriptionType_PlainText|ExamDescriptionType_Unknown|ProduceExamEffectType_Unknown|ProduceCardGrowEffectType_Unknown|ProduceCardCategory_Unknown|ProduceCardMovePositionType_Unknown|ProduceStepType_Unknown|ProduceStepBusinessType_Unknown||produceDescriptions[2].text,に移動,移動,todo/new,移動,,中移動
ProduceExamEffect.json,e_effect-exam_card_move-p_card_search-ssr-deck_grave-hand-random-1_1|ProduceDescriptionType_PlainText|ExamDescriptionType_Unknown|ProduceExamEffectType_Unknown|ProduceCardGrowEffectType_Unknown|ProduceCardCategory_Unknown|ProduceCardMovePositionType_Unknown|ProduceStepType_Unknown|ProduceStepBusinessType_Unknown||ProduceDescriptionType_PlainText|ExamDescriptionType_Unknown|ProduceExamEffectType_Unknown|ProduceCardGrowEffectType_Unknown|ProduceCardCategory_Unknown|ProduceCardMovePositionType_Unknown|ProduceStepType_Unknown|ProduceStepBusinessType_Unknown||customizeProduceDescriptions[2].text,に移動,移動,todo/new,移動,,中移動
ProduceExamEffect.json,e_effect-exam_card_move-p_card_search-ssr-lost-deck_last-all-0_0|ProduceDescriptionType_PlainText|ExamDescriptionType_Unknown|ProduceExamEffectType_Unknown|ProduceCardGrowEffectType_Unknown|ProduceCardCategory_Unknown|ProduceCardMovePositionType_Unknown|ProduceStepType_Unknown|ProduceStepBusinessType_Unknown||ProduceDescriptionType_PlainText|ExamDescriptionType_Unknown|ProduceExamEffectType_Unknown|ProduceCardGrowEffectType_Unknown|ProduceCardCategory_Unknown|ProduceCardMovePositionType_Unknown|ProduceStepType_Unknown|ProduceStepBusinessType_Unknown||produceDescriptions[2].text,に移動,移動,todo/new,移動,,中移動
ProduceExamEffect.json,e_effect-exam_card_move-p_card_search-ssr-lost-deck_last-all-0_0|ProduceDescriptionType_PlainText|ExamDescriptionType_Unknown|ProduceExamEffectType_Unknown|ProduceCardGrowEffectType_Unknown|ProduceCardCategory_Unknown|ProduceCardMovePositionType_Unknown|ProduceStepType_Unknown|ProduceStepBusinessType_Unknown||ProduceDescriptionType_PlainText|ExamDescriptionType_Unknown|ProduceExamEffectType_Unknown|ProduceCardGrowEffectType_Unknown|ProduceCardCategory_Unknown|ProduceCardMovePositionType_Unknown|ProduceStepType_Unknown|ProduceStepBusinessType_Unknown||customizeProduceDescriptions[2].text,に移動,移動,todo/new,移動,,中移動
ProduceExamEffect.json,e_effect-exam_card_move-p_card_search-ssr-random-deck_grave-3-deck_first-all-0_0|ProduceDescriptionType_PlainText|ExamDescriptionType_Unknown|ProduceExamEffectType_Unknown|ProduceCardGrowEffectType_Unknown|ProduceCardCategory_Unknown|ProduceCardMovePositionType_Unknown|ProduceStepType_Unknown|ProduceStepBusinessType_Unknown||ProduceDescriptionType_PlainText|ExamDescriptionType_Unknown|ProduceExamEffectType_Unknown|ProduceCardGrowEffectType_Unknown|ProduceCardCategory_Unknown|ProduceCardMovePositionType_Unknown|ProduceStepType_Unknown|ProduceStepBusinessType_Unknown||produceDescriptions[2].text,に移動,移動,todo/new,移動,,中移動
ProduceExamEffect.json,e_effect-exam_card_move-p_card_search-ssr-random-deck_grave-3-deck_first-all-0_0|ProduceDescriptionType_PlainText|ExamDescriptionType_Unknown|ProduceExamEffectType_Unknown|ProduceCardGrowEffectType_Unknown|ProduceCardCategory_Unknown|ProduceCardMovePositionType_Unknown|ProduceStepType_Unknown|ProduceStepBusinessType_Unknown||ProduceDescriptionType_PlainText|ExamDescriptionType_Unknown|ProduceExamEffectType_Unknown|ProduceCardGrowEffectType_Unknown|ProduceCardCategory_Unknown|ProduceCardMovePositionType_Unknown|ProduceStepType_Unknown|ProduceStepBusinessType_Unknown||customizeProduceDescriptions[2].text,に移動,移動,todo/new,移動,,中移動
ProduceExamEffect.json,e_effect-exam_card_move-p_card_search-target_is_self-hold-all-0_0|ProduceDescriptionType_PlainText|ExamDescriptionType_Unknown|ProduceExamEffectType_Unknown|ProduceCardGrowEffectType_Unknown|ProduceCardCategory_Unknown|ProduceCardMovePositionType_Unknown|ProduceStepType_Unknown|ProduceStepBusinessType_Unknown||ProduceDescriptionType_PlainText|ExamDescriptionType_Unknown|ProduceExamEffectType_Unknown|ProduceCardGrowEffectType_Unknown|ProduceCardCategory_Unknown|ProduceCardMovePositionType_Unknown|ProduceStepType_Unknown|ProduceStepBusinessType_Unknown||produceDescriptions[2].text,に移動,移動,todo/new,移動,,中移動
ProduceExamEffect.json,e_effect-exam_card_move-p_card_search-target_is_self-hold-all-0_0|ProduceDescriptionType_PlainText|ExamDescriptionType_Unknown|ProduceExamEffectType_Unknown|ProduceCardGrowEffectType_Unknown|ProduceCardCategory_Unknown|ProduceCardMovePositionType_Unknown|ProduceStepType_Unknown|ProduceStepBusinessType_Unknown||ProduceDescriptionType_PlainText|ExamDescriptionType_Unknown|ProduceExamEffectType_Unknown|ProduceCardGrowEffectType_Unknown|ProduceCardCategory_Unknown|ProduceCardMovePositionType_Unknown|ProduceStepType_Unknown|ProduceStepBusinessType_Unknown||customizeProduceDescriptions[2].text,に移動,移動,todo/new,移動,,中移動
ProduceExamEffect.json,e_effect-exam_card_move-p_card_search-trouble-deck_all-lost-all-0_0|ProduceDescriptionType_ProduceCardCategory|ExamDescriptionType_Unknown|ProduceExamEffectType_Unknown|ProduceCardGrowEffectType_Unknown|ProduceCardCategory_Trouble|ProduceCardMovePositionType_Unknown|ProduceStepType_Unknown|ProduceStepBusinessType_Unknown|Label_TroubleSkillCard|ProduceDescriptionType_ProduceCardCategory|ExamDescriptionType_Unknown|ProduceExamEffectType_Unknown|ProduceCardGrowEffectType_Unknown|ProduceCardCategory_Trouble|ProduceCardMovePositionType_Unknown|ProduceStepType_Unknown|ProduceStepBusinessType_Unknown|Label_TroubleSkillCard|produceDescriptions[3].text,に移動,移動,todo/new,移動,,中移動
ProduceExamEffect.json,e_effect-exam_card_move-p_card_search-trouble-deck_all-lost-all-0_0|ProduceDescriptionType_ProduceCardCategory|ExamDescriptionType_Unknown|ProduceExamEffectType_Unknown|ProduceCardGrowEffectType_Unknown|ProduceCardCategory_Trouble|ProduceCardMovePositionType_Unknown|ProduceStepType_Unknown|ProduceStepBusinessType_Unknown|Label_TroubleSkillCard|ProduceDescriptionType_ProduceCardCategory|ExamDescriptionType_Unknown|ProduceExamEffectType_Unknown|ProduceCardGrowEffectType_Unknown|ProduceCardCategory_Trouble|ProduceCardMovePositionType_Unknown|ProduceStepType_Unknown|ProduceStepBusinessType_Unknown|Label_TroubleSkillCard|customizeProduceDescriptions[3].text,に移動,移動,todo/new,移動,,中移動
ProduceExamEffect.json,e_effect-exam_card_move-p_card_search-trouble-deck-2-lost-all-0_0|ProduceDescriptionType_PlainText|ExamDescriptionType_Unknown|ProduceExamEffectType_Unknown|ProduceCardGrowEffectType_Unknown|ProduceCardCategory_Unknown|ProduceCardMovePositionType_Unknown|ProduceStepType_Unknown|ProduceStepBusinessType_Unknown||ProduceDescriptionType_PlainText|ExamDescriptionType_Unknown|ProduceExamEffectType_Unknown|ProduceCardGrowEffectType_Unknown|ProduceCardCategory_Unknown|ProduceCardMovePositionType_Unknown|ProduceStepType_Unknown|ProduceStepBusinessType_Unknown||produceDescriptions[4].text,に移動,移動,todo/new,移動,,中移動
ProduceExamEffect.json,e_effect-exam_card_move-p_card_search-trouble-deck-2-lost-all-0_0|ProduceDescriptionType_PlainText|ExamDescriptionType_Unknown|ProduceExamEffectType_Unknown|ProduceCardGrowEffectType_Unknown|ProduceCardCategory_Unknown|ProduceCardMovePositionType_Unknown|ProduceStepType_Unknown|ProduceStepBusinessType_Unknown||ProduceDescriptionType_PlainText|ExamDescriptionType_Unknown|ProduceExamEffectType_Unknown|ProduceCardGrowEffectType_Unknown|ProduceCardCategory_Unknown|ProduceCardMovePositionType_Unknown|ProduceStepType_Unknown|ProduceStepBusinessType_Unknown||customizeProduceDescriptions[4].text,に移動,移動,todo/new,移動,,中移動
ProduceExamEffect.json,e_effect-exam_effect_timer-0001-01-e_effect-exam_card_move-p_card_search-lost-p_card-02-ido-3_104-hand-all-0_0|ProduceDescriptionType_PlainText|ExamDescriptionType_Unknown|ProduceExamEffectType_Unknown|ProduceCardGrowEffectType_Unknown|ProduceCardCategory_Unknown|ProduceCardMovePositionType_Unknown|ProduceStepType_Unknown|ProduceStepBusinessType_Unknown||ProduceDescriptionType_PlainText|ExamDescriptionType_Unknown|ProduceExamEffectType_Unknown|ProduceCardGrowEffectType_Unknown|ProduceCardCategory_Unknown|ProduceCardMovePositionType_Unknown|ProduceStepType_Unknown|ProduceStepBusinessType_Unknown||produceDescriptions[5].text,に移動,移動,todo/new,移動,,中移動
ProduceExamEffect.json,e_effect-exam_effect_timer-0001-01-e_effect-exam_card_move-p_card_search-lost-p_card-02-ido-3_104-hand-all-0_0|ProduceDescriptionType_PlainText|ExamDescriptionType_Unknown|ProduceExamEffectType_Unknown|ProduceCardGrowEffectType_Unknown|ProduceCardCategory_Unknown|ProduceCardMovePositionType_Unknown|ProduceStepType_Unknown|ProduceStepBusinessType_Unknown||ProduceDescriptionType_PlainText|ExamDescriptionType_Unknown|ProduceExamEffectType_Unknown|ProduceCardGrowEffectType_Unknown|ProduceCardCategory_Unknown|ProduceCardMovePositionType_Unknown|ProduceStepType_Unknown|ProduceStepBusinessType_Unknown||customizeProduceDescriptions[5].text,に移動,移動,todo/new,移動,,中移動
ProduceExamEffect.json,e_effect-exam_status_enchant-inf-enchant-pitem_03-3-289-0-enc01|ProduceDescriptionType_ProduceDescriptionName|ExamDescriptionType_Unknown|ProduceExamEffectType_Unknown|ProduceCardGrowEffectType_Unknown|ProduceCardCategory_Unknown|ProduceCardMovePositionType_Unknown|ProduceStepType_Unknown|ProduceStepBusinessType_Unknown|Convert_002|ProduceDescriptionType_PlainText|ExamDescriptionType_Unknown|ProduceExamEffectType_Unknown|ProduceCardGrowEffectType_Unknown|ProduceCardCategory_Unknown|ProduceCardMovePositionType_Unknown|ProduceStepType_Unknown|ProduceStepBusinessType_Unknown||produceDescriptions[8].text,に移動,移動,todo/new,移動,,中移動
ProduceExamEffect.json,e_effect-exam_status_enchant-inf-enchant-pitem_03-3-289-0-enc01|ProduceDescriptionType_ProduceDescriptionName|ExamDescriptionType_Unknown|ProduceExamEffectType_Unknown|ProduceCardGrowEffectType_Unknown|ProduceCardCategory_Unknown|ProduceCardMovePositionType_Unknown|ProduceStepType_Unknown|ProduceStepBusinessType_Unknown|Convert_002|ProduceDescriptionType_PlainText|ExamDescriptionType_Unknown|ProduceExamEffectType_Unknown|ProduceCardGrowEffectType_Unknown|ProduceCardCategory_Unknown|ProduceCardMovePositionType_Unknown|ProduceStepType_Unknown|ProduceStepBusinessType_Unknown||customizeProduceDescriptions[7].text,に移動,移動,todo/new,移動,,中移動
ProduceExamStatusEnchant.json,enchant-pitem_00-3-192-0-enc01|ProduceDescriptionType_ProduceDescriptionName|ExamDescriptionType_Unknown|ProduceExamEffectType_Unknown|ProduceCardCategory_Unknown|ProduceCardMovePositionType_Unknown|ProduceStepType_Unknown|Convert_002|produceDescriptions[9].text,に移動,移動,todo/new,移動,,中移動
ProduceExamStatusEnchant.json,enchant-pitem_00-3-264-0-enc01|ProduceDescriptionType_PlainText|ExamDescriptionType_Unknown|ProduceExamEffectType_Unknown|ProduceCardCategory_Unknown|ProduceCardMovePositionType_Unknown|ProduceStepType_Unknown||produceDescriptions[5].text,に移動,移動,todo/new,移動,,中移動
ProduceExamStatusEnchant.json,enchant-pitem_01-3-174-0-enc01|ProduceDescriptionType_PlainText|ExamDescriptionType_Unknown|ProduceExamEffectType_Unknown|ProduceCardCategory_Unknown|ProduceCardMovePositionType_Unknown|ProduceStepType_Unknown||produceDescriptions[3].text,に移動,移動,todo/new,移動,,中移動
ProduceExamStatusEnchant.json,enchant-pitem_01-3-174-1-enc01|ProduceDescriptionType_PlainText|ExamDescriptionType_Unknown|ProduceExamEffectType_Unknown|ProduceCardCategory_Unknown|ProduceCardMovePositionType_Unknown|ProduceStepType_Unknown||produceDescriptions[3].text,に移動,移動,todo/new,移動,,中移動
ProduceExamStatusEnchant.json,enchant-pitem_01-3-186-0-enc01|ProduceDescriptionType_ProduceDescriptionName|ExamDescriptionType_Unknown|ProduceExamEffectType_Unknown|ProduceCardCategory_Unknown|ProduceCardMovePositionType_Unknown|ProduceStepType_Unknown|Convert_002|produceDescriptions[9].text,に移動,移動,todo/new,移動,,中移動
ProduceExamStatusEnchant.json,enchant-pitem_01-3-187-0-enc01|ProduceDescriptionType_ProduceDescriptionName|ExamDescriptionType_Unknown|ProduceExamEffectType_Unknown|ProduceCardCategory_Unknown|ProduceCardMovePositionType_Unknown|ProduceStepType_Unknown|Convert_002|produceDescriptions[9].text,に移動,移動,todo/new,移動,,中移動
ProduceExamStatusEnchant.json,enchant-pitem_01-3-290-0-enc01|ProduceDescriptionType_ProduceCard|ExamDescriptionType_Unknown|ProduceExamEffectType_Unknown|ProduceCardCategory_Unknown|ProduceCardMovePositionType_Unknown|ProduceStepType_Unknown|p_card-01-men-2_034|produceDescriptions[11].text,に移動,移動,todo/new,移動,,中移動
ProduceExamStatusEnchant.json,enchant-pitem_01-3-290-1-enc01|ProduceDescriptionType_ProduceCard|ExamDescriptionType_Unknown|ProduceExamEffectType_Unknown|ProduceCardCategory_Unknown|ProduceCardMovePositionType_Unknown|ProduceStepType_Unknown|p_card-01-men-2_034|produceDescriptions[11].text,に移動,移動,todo/new,移動,,中移動
ProduceExamStatusEnchant.json,enchant-pitem_02-3-075-0-enc01|ProduceDescriptionType_ProduceCard|ExamDescriptionType_Unknown|ProduceExamEffectType_Unknown|ProduceCardCategory_Unknown|ProduceCardMovePositionType_Unknown|ProduceStepType_Unknown|p_card-02-men-1_030|produceDescriptions[14].text,に移動,移動,todo/new,移動,,中移動
ProduceExamStatusEnchant.json,enchant-pitem_02-3-075-1-enc01|ProduceDescriptionType_ProduceCard|ExamDescriptionType_Unknown|ProduceExamEffectType_Unknown|ProduceCardCategory_Unknown|ProduceCardMovePositionType_Unknown|ProduceStepType_Unknown|p_card-02-men-1_030|produceDescriptions[14].text,に移動,移動,todo/new,移動,,中移動
ProduceExamStatusEnchant.json,enchant-pitem_02-3-185-0-enc01|ProduceDescriptionType_ProduceDescriptionName|ExamDescriptionType_Unknown|ProduceExamEffectType_Unknown|ProduceCardCategory_Unknown|ProduceCardMovePositionType_Unknown|ProduceStepType_Unknown|Convert_StepLessonType_VisualLesson|produceDescriptions[9].text,に移動,移動,todo/new,移動,,中移動
ProduceExamStatusEnchant.json,enchant-pitem_02-3-188-0-enc01|ProduceDescriptionType_ProduceDescriptionName|ExamDescriptionType_Unknown|ProduceExamEffectType_Unknown|ProduceCardCategory_Unknown|ProduceCardMovePositionType_Unknown|ProduceStepType_Unknown|Convert_002|produceDescriptions[9].text,に移動,移動,todo/new,移動,,中移動
ProduceExamStatusEnchant.json,enchant-pitem_02-3-189-0-enc01|ProduceDescriptionType_ProduceDescriptionName|ExamDescriptionType_Unknown|ProduceExamEffectType_Unknown|ProduceCardCategory_Unknown|ProduceCardMovePositionType_Unknown|ProduceStepType_Unknown|Convert_002|produceDescriptions[9].text,に移動,移動,todo/new,移動,,中移動
ProduceExamStatusEnchant.json,enchant-pitem_03-3-048-0-enc01|ProduceDescriptionType_PlainText|ExamDescriptionType_Unknown|ProduceExamEffectType_Unknown|ProduceCardCategory_Unknown|ProduceCardMovePositionType_Unknown|ProduceStepType_Unknown||produceDescriptions[13].text,に移動,移動,todo/new,移動,,中移動
ProduceExamStatusEnchant.json,enchant-pitem_03-3-048-1-enc01|ProduceDescriptionType_PlainText|ExamDescriptionType_Unknown|ProduceExamEffectType_Unknown|ProduceCardCategory_Unknown|ProduceCardMovePositionType_Unknown|ProduceStepType_Unknown||produceDescriptions[13].text,に移動,移動,todo/new,移動,,中移動
ProduceExamStatusEnchant.json,enchant-pitem_03-3-113-0-enc01|ProduceDescriptionType_PlainText|ExamDescriptionType_Unknown|ProduceExamEffectType_Unknown|ProduceCardCategory_Unknown|ProduceCardMovePositionType_Unknown|ProduceStepType_Unknown||produceDescriptions[7].text,に移動,移動,todo/new,移動,,中移動
ProduceExamStatusEnchant.json,enchant-pitem_03-3-113-1-enc01|ProduceDescriptionType_PlainText|ExamDescriptionType_Unknown|ProduceExamEffectType_Unknown|ProduceCardCategory_Unknown|ProduceCardMovePositionType_Unknown|ProduceStepType_Unknown||produceDescriptions[7].text,に移動,移動,todo/new,移動,,中移動
ProduceExamStatusEnchant.json,enchant-pitem_03-3-168-0-enc01|ProduceDescriptionType_ProduceExamEffectType|ExamDescriptionType_Unknown|ProduceExamEffectType_ExamFullPower|ProduceCardCategory_Unknown|ProduceCardMovePositionType_Unknown|ProduceStepType_Unknown|Label_ExamFullPower|produceDescriptions[7].text,に移動,移動,todo/new,移動,,中移動
ProduceExamStatusEnchant.json,enchant-pitem_03-3-168-1-enc01|ProduceDescriptionType_ProduceExamEffectType|ExamDescriptionType_Unknown|ProduceExamEffectType_ExamFullPower|ProduceCardCategory_Unknown|ProduceCardMovePositionType_Unknown|ProduceStepType_Unknown|Label_ExamFullPower|produceDescriptions[7].text,に移動,移動,todo/new,移動,,中移動
ProduceExamStatusEnchant.json,enchant-pitem_03-3-190-0-enc01|ProduceDescriptionType_ProduceDescriptionName|ExamDescriptionType_Unknown|ProduceExamEffectType_Unknown|ProduceCardCategory_Unknown|ProduceCardMovePositionType_Unknown|ProduceStepType_Unknown|Convert_002|produceDescriptions[9].text,に移動,移動,todo/new,移動,,中移動
ProduceExamStatusEnchant.json,enchant-pitem_03-3-191-0-enc01|ProduceDescriptionType_ProduceDescriptionName|ExamDescriptionType_Unknown|ProduceExamEffectType_Unknown|ProduceCardCategory_Unknown|ProduceCardMovePositionType_Unknown|ProduceStepType_Unknown|Convert_002|produceDescriptions[9].text,に移動,移動,todo/new,移動,,中移動
ProduceExamStatusEnchant.json,enchant-pitem_03-3-289-0-enc01|ProduceDescriptionType_PlainText|ExamDescriptionType_Unknown|ProduceExamEffectType_Unknown|ProduceCardCategory_Unknown|ProduceCardMovePositionType_Unknown|ProduceStepType_Unknown||produceDescriptions[6].text,に移動,移動,todo/new,移動,,中移動
ProduceExamStatusEnchant.json,enchant-pitem_03-3-289-1-enc01|ProduceDescriptionType_PlainText|ExamDescriptionType_Unknown|ProduceExamEffectType_Unknown|ProduceCardCategory_Unknown|ProduceCardMovePositionType_Unknown|ProduceStepType_Unknown||produceDescriptions[6].text,に移動,移動,todo/new,移動,,中移動
ProduceExamStatusEnchant.json,enchant-pitem_tower_001-exam_card_play_aggressive-1-stage_015-enc01|ProduceDescriptionType_ProduceCard|ExamDescriptionType_Unknown|ProduceExamEffectType_Unknown|ProduceCardCategory_Unknown|ProduceCardMovePositionType_Unknown|ProduceStepType_Unknown|p_card-02-men-3_002|produceDescriptions[5].text,に移動,移動,todo/new,移動,,中移動
ProduceExamStatusEnchant.json,enchant-pitem_tower_001-exam_card_play_aggressive-1-stage_022-1-enc01|ProduceDescriptionType_PlainText|ExamDescriptionType_Unknown|ProduceExamEffectType_Unknown|ProduceCardCategory_Unknown|ProduceCardMovePositionType_Unknown|ProduceStepType_Unknown||produceDescriptions[9].text,に移動,移動,todo/new,移動,,中移動
ProduceExamStatusEnchant.json,enchant-pitem_tower_001-exam_card_play_aggressive-1-stage_025-1-enc01|ProduceDescriptionType_PlainText|ExamDescriptionType_Unknown|ProduceExamEffectType_Unknown|ProduceCardCategory_Unknown|ProduceCardMovePositionType_Unknown|ProduceStepType_Unknown||produceDescriptions[3].text,に移動,移動,todo/new,移動,,中移動
ProduceExamStatusEnchant.json,enchant-pitem_tower_001-exam_card_play_aggressive-1-stage_025-enc01|ProduceDescriptionType_PlainText|ExamDescriptionType_Unknown|ProduceExamEffectType_Unknown|ProduceCardCategory_Unknown|ProduceCardMovePositionType_Unknown|ProduceStepType_Unknown||produceDescriptions[3].text,に移動,移動,todo/new,移動,,中移動
ProduceExamStatusEnchant.json,enchant-pitem_tower_001-exam_card_play_aggressive-2-stage_017-enc01|ProduceDescriptionType_ProduceCardCategory|ExamDescriptionType_Unknown|ProduceExamEffectType_Unknown|ProduceCardCategory_ActiveSkill|ProduceCardMovePositionType_Unknown|ProduceStepType_Unknown|Label_ActiveSkillCard|produceDescriptions[6].text,に移動,移動,todo/new,移動,,中移動
ProduceExamStatusEnchant.json,enchant-pitem_tower_001-exam_concentration-1-stage_017-enc01|ProduceDescriptionType_ProduceCardCategory|ExamDescriptionType_Unknown|ProduceExamEffectType_Unknown|ProduceCardCategory_ActiveSkill|ProduceCardMovePositionType_Unknown|ProduceStepType_Unknown|Label_ActiveSkillCard|produceDescriptions[6].text,に移動,移動,todo/new,移動,,中移動
ProduceExamStatusEnchant.json,enchant-pitem_tower_001-exam_concentration-1-stage_022-1-enc01|ProduceDescriptionType_PlainText|ExamDescriptionType_Unknown|ProduceExamEffectType_Unknown|ProduceCardCategory_Unknown|ProduceCardMovePositionType_Unknown|ProduceStepType_Unknown||produceDescriptions[9].text,に移動,移動,todo/new,移動,,中移動
ProduceExamStatusEnchant.json,enchant-pitem_tower_001-exam_concentration-1-stage_025-1-enc01|ProduceDescriptionType_PlainText|ExamDescriptionType_Unknown|ProduceExamEffectType_Unknown|ProduceCardCategory_Unknown|ProduceCardMovePositionType_Unknown|ProduceStepType_Unknown||produceDescriptions[3].text,に移動,移動,todo/new,移動,,中移動
ProduceExamStatusEnchant.json,enchant-pitem_tower_001-exam_concentration-1-stage_025-enc01|ProduceDescriptionType_PlainText|ExamDescriptionType_Unknown|ProduceExamEffectType_Unknown|ProduceCardCategory_Unknown|ProduceCardMovePositionType_Unknown|ProduceStepType_Unknown||produceDescriptions[3].text,に移動,移動,todo/new,移動,,中移動
ProduceExamStatusEnchant.json,enchant-pitem_tower_001-exam_full_power-1-stage_017-enc01|ProduceDescriptionType_ProduceCardCategory|ExamDescriptionType_Unknown|ProduceExamEffectType_Unknown|ProduceCardCategory_ActiveSkill|ProduceCardMovePositionType_Unknown|ProduceStepType_Unknown|Label_ActiveSkillCard|produceDescriptions[6].text,に移動,移動,todo/new,移動,,中移動
ProduceExamStatusEnchant.json,enchant-pitem_tower_001-exam_full_power-1-stage_022-1-enc01|ProduceDescriptionType_PlainText|ExamDescriptionType_Unknown|ProduceExamEffectType_Unknown|ProduceCardCategory_Unknown|ProduceCardMovePositionType_Unknown|ProduceStepType_Unknown||produceDescriptions[9].text,に移動,移動,todo/new,移動,,中移動
ProduceExamStatusEnchant.json,enchant-pitem_tower_001-exam_full_power-1-stage_025-1-enc01|ProduceDescriptionType_PlainText|ExamDescriptionType_Unknown|ProduceExamEffectType_Unknown|ProduceCardCategory_Unknown|ProduceCardMovePositionType_Unknown|ProduceStepType_Unknown||produceDescriptions[3].text,に移動,移動,todo/new,移動,,中移動
ProduceExamStatusEnchant.json,enchant-pitem_tower_001-exam_full_power-1-stage_025-enc01|ProduceDescriptionType_PlainText|ExamDescriptionType_Unknown|ProduceExamEffectType_Unknown|ProduceCardCategory_Unknown|ProduceCardMovePositionType_Unknown|ProduceStepType_Unknown||produceDescriptions[3].text,に移動,移動,todo/new,移動,,中移動
ProduceExamStatusEnchant.json,enchant-pitem_tower_001-exam_lesson_buff-1-stage_015-enc01|ProduceDescriptionType_ProduceCard|ExamDescriptionType_Unknown|ProduceExamEffectType_Unknown|ProduceCardCategory_Unknown|ProduceCardMovePositionType_Unknown|ProduceStepType_Unknown|p_card-01-men-3_006|produceDescriptions[5].text,に移動,移動,todo/new,移動,,中移動
ProduceExamStatusEnchant.json,enchant-pitem_tower_001-exam_lesson_buff-1-stage_022-1-enc01|ProduceDescriptionType_PlainText|ExamDescriptionType_Unknown|ProduceExamEffectType_Unknown|ProduceCardCategory_Unknown|ProduceCardMovePositionType_Unknown|ProduceStepType_Unknown||produceDescriptions[9].text,に移動,移動,todo/new,移動,,中移動
ProduceExamStatusEnchant.json,enchant-pitem_tower_001-exam_lesson_buff-1-stage_025-1-enc01|ProduceDescriptionType_PlainText|ExamDescriptionType_Unknown|ProduceExamEffectType_Unknown|ProduceCardCategory_Unknown|ProduceCardMovePositionType_Unknown|ProduceStepType_Unknown||produceDescriptions[3].text,に移動,移動,todo/new,移動,,中移動
ProduceExamStatusEnchant.json,enchant-pitem_tower_001-exam_lesson_buff-1-stage_025-enc01|ProduceDescriptionType_PlainText|ExamDescriptionType_Unknown|ProduceExamEffectType_Unknown|ProduceCardCategory_Unknown|ProduceCardMovePositionType_Unknown|ProduceStepType_Unknown||produceDescriptions[3].text,に移動,移動,todo/new,移動,,中移動
ProduceExamStatusEnchant.json,enchant-pitem_tower_001-exam_lesson_buff-2-stage_017-enc01|ProduceDescriptionType_ProduceCardCategory|ExamDescriptionType_Unknown|ProduceExamEffectType_Unknown|ProduceCardCategory_ActiveSkill|ProduceCardMovePositionType_Unknown|ProduceStepType_Unknown|Label_ActiveSkillCard|produceDescriptions[6].text,に移動,移動,todo/new,移動,,中移動
ProduceExamStatusEnchant.json,enchant-pitem_tower_001-exam_parameter_buff-1-stage_015-enc01|ProduceDescriptionType_ProduceCard|ExamDescriptionType_Unknown|ProduceExamEffectType_Unknown|ProduceCardCategory_Unknown|ProduceCardMovePositionType_Unknown|ProduceStepType_Unknown|p_card-01-men-3_006|produceDescriptions[5].text,に移動,移動,todo/new,移動,,中移動
ProduceExamStatusEnchant.json,enchant-pitem_tower_001-exam_parameter_buff-1-stage_022-1-enc01|ProduceDescriptionType_PlainText|ExamDescriptionType_Unknown|ProduceExamEffectType_Unknown|ProduceCardCategory_Unknown|ProduceCardMovePositionType_Unknown|ProduceStepType_Unknown||produceDescriptions[9].text,に移動,移動,todo/new,移動,,中移動
ProduceExamStatusEnchant.json,enchant-pitem_tower_001-exam_parameter_buff-1-stage_025-1-enc01|ProduceDescriptionType_PlainText|ExamDescriptionType_Unknown|ProduceExamEffectType_Unknown|ProduceCardCategory_Unknown|ProduceCardMovePositionType_Unknown|ProduceStepType_Unknown||produceDescriptions[3].text,に移動,移動,todo/new,移動,,中移動
ProduceExamStatusEnchant.json,enchant-pitem_tower_001-exam_parameter_buff-1-stage_025-enc01|ProduceDescriptionType_PlainText|ExamDescriptionType_Unknown|ProduceExamEffectType_Unknown|ProduceCardCategory_Unknown|ProduceCardMovePositionType_Unknown|ProduceStepType_Unknown||produceDescriptions[3].text,に移動,移動,todo/new,移動,,中移動
ProduceExamStatusEnchant.json,enchant-pitem_tower_001-exam_parameter_buff-2-stage_017-enc01|ProduceDescriptionType_ProduceCardCategory|ExamDescriptionType_Unknown|ProduceExamEffectType_Unknown|ProduceCardCategory_ActiveSkill|ProduceCardMovePositionType_Unknown|ProduceStepType_Unknown|Label_ActiveSkillCard|produceDescriptions[6].text,に移動,移動,todo/new,移動,,中移動
ProduceExamStatusEnchant.json,enchant-pitem_tower_001-exam_review-1-stage_015-enc01|ProduceDescriptionType_ProduceCard|ExamDescriptionType_Unknown|ProduceExamEffectType_Unknown|ProduceCardCategory_Unknown|ProduceCardMovePositionType_Unknown|ProduceStepType_Unknown|p_card-02-men-3_002|produceDescriptions[5].text,に移動,移動,todo/new,移動,,中移動
ProduceExamStatusEnchant.json,enchant-pitem_tower_001-exam_review-1-stage_022-1-enc01|ProduceDescriptionType_PlainText|ExamDescriptionType_Unknown|ProduceExamEffectType_Unknown|ProduceCardCategory_Unknown|ProduceCardMovePositionType_Unknown|ProduceStepType_Unknown||produceDescriptions[9].text,に移動,移動,todo/new,移動,,中移動
ProduceExamStatusEnchant.json,enchant-pitem_tower_001-exam_review-1-stage_025-1-enc01|ProduceDescriptionType_PlainText|ExamDescriptionType_Unknown|ProduceExamEffectType_Unknown|ProduceCardCategory_Unknown|ProduceCardMovePositionType_Unknown|ProduceStepType_Unknown||produceDescriptions[3].text,に移動,移動,todo/new,移動,,中移動
ProduceExamStatusEnchant.json,enchant-pitem_tower_001-exam_review-1-stage_025-enc01|ProduceDescriptionType_PlainText|ExamDescriptionType_Unknown|ProduceExamEffectType_Unknown|ProduceCardCategory_Unknown|ProduceCardMovePositionType_Unknown|ProduceStepType_Unknown||produceDescriptions[3].text,に移動,移動,todo/new,移動,,中移動
ProduceExamStatusEnchant.json,enchant-pitem_tower_001-exam_review-2-stage_017-enc01|ProduceDescriptionType_ProduceCardCategory|ExamDescriptionType_Unknown|ProduceExamEffectType_Unknown|ProduceCardCategory_ActiveSkill|ProduceCardMovePositionType_Unknown|ProduceStepType_Unknown|Label_ActiveSkillCard|produceDescriptions[6].text,に移動,移動,todo/new,移動,,中移動
ProduceItem.json,pitem_00-3-192-0|ProduceDescriptionType_ProduceDescriptionName|ExamDescriptionType_Unknown|ProduceExamEffectType_Unknown|ProduceCardCategory_Unknown|ProduceCardMovePositionType_Unknown|ProduceStepType_Unknown|Convert_002|produceDescriptions[9].text,に移動,移動,todo/new,移動,,中移動
ProduceItem.json,pitem_00-3-264-0|ProduceDescriptionType_PlainText|ExamDescriptionType_Unknown|ProduceExamEffectType_Unknown|ProduceCardCategory_Unknown|ProduceCardMovePositionType_Unknown|ProduceStepType_Unknown||produceDescriptions[5].text,に移動,移動,todo/new,移動,,中移動
ProduceItem.json,pitem_01-3-174-0|ProduceDescriptionType_PlainText|ExamDescriptionType_Unknown|ProduceExamEffectType_Unknown|ProduceCardCategory_Unknown|ProduceCardMovePositionType_Unknown|ProduceStepType_Unknown||produceDescriptions[3].text,に移動,移動,todo/new,移動,,中移動
ProduceItem.json,pitem_01-3-174-1|ProduceDescriptionType_PlainText|ExamDescriptionType_Unknown|ProduceExamEffectType_Unknown|ProduceCardCategory_Unknown|ProduceCardMovePositionType_Unknown|ProduceStepType_Unknown||produceDescriptions[3].text,に移動,移動,todo/new,移動,,中移動
ProduceItem.json,pitem_01-3-186-0|ProduceDescriptionType_ProduceDescriptionName|ExamDescriptionType_Unknown|ProduceExamEffectType_Unknown|ProduceCardCategory_Unknown|ProduceCardMovePositionType_Unknown|ProduceStepType_Unknown|Convert_002|produceDescriptions[9].text,に移動,移動,todo/new,移動,,中移動
ProduceItem.json,pitem_01-3-187-0|ProduceDescriptionType_ProduceDescriptionName|ExamDescriptionType_Unknown|ProduceExamEffectType_Unknown|ProduceCardCategory_Unknown|ProduceCardMovePositionType_Unknown|ProduceStepType_Unknown|Convert_002|produceDescriptions[9].text,に移動,移動,todo/new,移動,,中移動
ProduceItem.json,pitem_01-3-290-0|ProduceDescriptionType_ProduceCard|ExamDescriptionType_Unknown|ProduceExamEffectType_Unknown|ProduceCardCategory_Unknown|ProduceCardMovePositionType_Unknown|ProduceStepType_Unknown|p_card-01-men-2_034|produceDescriptions[11].text,に移動,移動,todo/new,移動,,中移動
ProduceItem.json,pitem_01-3-290-1|ProduceDescriptionType_ProduceCard|ExamDescriptionType_Unknown|ProduceExamEffectType_Unknown|ProduceCardCategory_Unknown|ProduceCardMovePositionType_Unknown|ProduceStepType_Unknown|p_card-01-men-2_034|produceDescriptions[11].text,に移動,移動,todo/new,移動,,中移動
ProduceItem.json,pitem_02-3-075-0|ProduceDescriptionType_ProduceCard|ExamDescriptionType_Unknown|ProduceExamEffectType_Unknown|ProduceCardCategory_Unknown|ProduceCardMovePositionType_Unknown|ProduceStepType_Unknown|p_card-02-men-1_030|produceDescriptions[14].text,に移動,移動,todo/new,移動,,中移動
ProduceItem.json,pitem_02-3-075-1|ProduceDescriptionType_ProduceCard|ExamDescriptionType_Unknown|ProduceExamEffectType_Unknown|ProduceCardCategory_Unknown|ProduceCardMovePositionType_Unknown|ProduceStepType_Unknown|p_card-02-men-1_030|produceDescriptions[14].text,に移動,移動,todo/new,移動,,中移動
ProduceItem.json,pitem_02-3-185-0|ProduceDescriptionType_ProduceDescriptionName|ExamDescriptionType_Unknown|ProduceExamEffectType_Unknown|ProduceCardCategory_Unknown|ProduceCardMovePositionType_Unknown|ProduceStepType_Unknown|Convert_StepLessonType_VisualLesson|produceDescriptions[9].text,に移動,移動,todo/new,移動,,中移動
ProduceItem.json,pitem_02-3-188-0|ProduceDescriptionType_ProduceDescriptionName|ExamDescriptionType_Unknown|ProduceExamEffectType_Unknown|ProduceCardCategory_Unknown|ProduceCardMovePositionType_Unknown|ProduceStepType_Unknown|Convert_002|produceDescriptions[9].text,に移動,移動,todo/new,移動,,中移動
ProduceItem.json,pitem_02-3-189-0|ProduceDescriptionType_ProduceDescriptionName|ExamDescriptionType_Unknown|ProduceExamEffectType_Unknown|ProduceCardCategory_Unknown|ProduceCardMovePositionType_Unknown|ProduceStepType_Unknown|Convert_002|produceDescriptions[9].text,に移動,移動,todo/new,移動,,中移動
ProduceItem.json,pitem_03-3-048-0|ProduceDescriptionType_PlainText|ExamDescriptionType_Unknown|ProduceExamEffectType_Unknown|ProduceCardCategory_Unknown|ProduceCardMovePositionType_Unknown|ProduceStepType_Unknown||produceDescriptions[13].text,に移動,移動,todo/new,移動,,中移動
ProduceItem.json,pitem_03-3-048-1|ProduceDescriptionType_PlainText|ExamDescriptionType_Unknown|ProduceExamEffectType_Unknown|ProduceCardCategory_Unknown|ProduceCardMovePositionType_Unknown|ProduceStepType_Unknown||produceDescriptions[13].text,に移動,移動,todo/new,移動,,中移動
ProduceItem.json,pitem_03-3-113-0|ProduceDescriptionType_PlainText|ExamDescriptionType_Unknown|ProduceExamEffectType_Unknown|ProduceCardCategory_Unknown|ProduceCardMovePositionType_Unknown|ProduceStepType_Unknown||produceDescriptions[7].text,に移動,移動,todo/new,移動,,中移動
ProduceItem.json,pitem_03-3-113-1|ProduceDescriptionType_PlainText|ExamDescriptionType_Unknown|ProduceExamEffectType_Unknown|ProduceCardCategory_Unknown|ProduceCardMovePositionType_Unknown|ProduceStepType_Unknown||produceDescriptions[7].text,に移動,移動,todo/new,移動,,中移動
ProduceItem.json,pitem_03-3-168-0|ProduceDescriptionType_ProduceExamEffectType|ExamDescriptionType_Unknown|ProduceExamEffectType_ExamFullPower|ProduceCardCategory_Unknown|ProduceCardMovePositionType_Unknown|ProduceStepType_Unknown|Label_ExamFullPower|produceDescriptions[7].text,に移動,移動,todo/new,移動,,中移動
ProduceItem.json,pitem_03-3-168-1|ProduceDescriptionType_ProduceExamEffectType|ExamDescriptionType_Unknown|ProduceExamEffectType_ExamFullPower|ProduceCardCategory_Unknown|ProduceCardMovePositionType_Unknown|ProduceStepType_Unknown|Label_ExamFullPower|produceDescriptions[7].text,に移動,移動,todo/new,移動,,中移動
ProduceItem.json,pitem_03-3-190-0|ProduceDescriptionType_ProduceDescriptionName|ExamDescriptionType_Unknown|ProduceExamEffectType_Unknown|ProduceCardCategory_Unknown|ProduceCardMovePositionType_Unknown|ProduceStepType_Unknown|Convert_002|produceDescriptions[9].text,に移動,移動,todo/new,移動,,中移動
ProduceItem.json,pitem_03-3-191-0|ProduceDescriptionType_ProduceDescriptionName|ExamDescriptionType_Unknown|ProduceExamEffectType_Unknown|ProduceCardCategory_Unknown|ProduceCardMovePositionType_Unknown|ProduceStepType_Unknown|Convert_002|produceDescriptions[9].text,に移動,移動,todo/new,移動,,中移動
ProduceItem.json,pitem_03-3-289-0|ProduceDescriptionType_PlainText|ExamDescriptionType_Unknown|ProduceExamEffectType_Unknown|ProduceCardCategory_Unknown|ProduceCardMovePositionType_Unknown|ProduceStepType_Unknown||produceDescriptions[6].text,に移動,移動,todo/new,移動,,中移動
ProduceItem.json,pitem_03-3-289-1|ProduceDescriptionType_PlainText|ExamDescriptionType_Unknown|ProduceExamEffectType_Unknown|ProduceCardCategory_Unknown|ProduceCardMovePositionType_Unknown|ProduceStepType_Unknown||produceDescriptions[6].text,に移動,移動,todo/new,移動,,中移動
ProduceItem.json,pitem_tower_001-exam_card_play_aggressive-1-stage_015|ProduceDescriptionType_ProduceCard|ExamDescriptionType_Unknown|ProduceExamEffectType_Unknown|ProduceCardCategory_Unknown|ProduceCardMovePositionType_Unknown|ProduceStepType_Unknown|p_card-02-men-3_002|produceDescriptions[5].text,に移動,移動,todo/new,移動,,中移動
ProduceItem.json,pitem_tower_001-exam_card_play_aggressive-1-stage_022-1|ProduceDescriptionType_PlainText|ExamDescriptionType_Unknown|ProduceExamEffectType_Unknown|ProduceCardCategory_Unknown|ProduceCardMovePositionType_Unknown|ProduceStepType_Unknown||produceDescriptions[9].text,に移動,移動,todo/new,移動,,中移動
ProduceItem.json,pitem_tower_001-exam_card_play_aggressive-1-stage_025|ProduceDescriptionType_PlainText|ExamDescriptionType_Unknown|ProduceExamEffectType_Unknown|ProduceCardCategory_Unknown|ProduceCardMovePositionType_Unknown|ProduceStepType_Unknown||produceDescriptions[3].text,に移動,移動,todo/new,移動,,中移動
ProduceItem.json,pitem_tower_001-exam_card_play_aggressive-1-stage_025-1|ProduceDescriptionType_PlainText|ExamDescriptionType_Unknown|ProduceExamEffectType_Unknown|ProduceCardCategory_Unknown|ProduceCardMovePositionType_Unknown|ProduceStepType_Unknown||produceDescriptions[3].text,に移動,移動,todo/new,移動,,中移動
ProduceItem.json,pitem_tower_001-exam_card_play_aggressive-2-stage_017|ProduceDescriptionType_ProduceCardCategory|ExamDescriptionType_Unknown|ProduceExamEffectType_Unknown|ProduceCardCategory_ActiveSkill|ProduceCardMovePositionType_Unknown|ProduceStepType_Unknown|Label_ActiveSkillCard|produceDescriptions[6].text,に移動,移動,todo/new,移動,,中移動
ProduceItem.json,pitem_tower_001-exam_concentration-1-stage_017|ProduceDescriptionType_ProduceCardCategory|ExamDescriptionType_Unknown|ProduceExamEffectType_Unknown|ProduceCardCategory_ActiveSkill|ProduceCardMovePositionType_Unknown|ProduceStepType_Unknown|Label_ActiveSkillCard|produceDescriptions[6].text,に移動,移動,todo/new,移動,,中移動
ProduceItem.json,pitem_tower_001-exam_concentration-1-stage_022-1|ProduceDescriptionType_PlainText|ExamDescriptionType_Unknown|ProduceExamEffectType_Unknown|ProduceCardCategory_Unknown|ProduceCardMovePositionType_Unknown|ProduceStepType_Unknown||produceDescriptions[9].text,に移動,移動,todo/new,移動,,中移動
ProduceItem.json,pitem_tower_001-exam_concentration-1-stage_025|ProduceDescriptionType_PlainText|ExamDescriptionType_Unknown|ProduceExamEffectType_Unknown|ProduceCardCategory_Unknown|ProduceCardMovePositionType_Unknown|ProduceStepType_Unknown||produceDescriptions[3].text,に移動,移動,todo/new,移動,,中移動
ProduceItem.json,pitem_tower_001-exam_concentration-1-stage_025-1|ProduceDescriptionType_PlainText|ExamDescriptionType_Unknown|ProduceExamEffectType_Unknown|ProduceCardCategory_Unknown|ProduceCardMovePositionType_Unknown|ProduceStepType_Unknown||produceDescriptions[3].text,に移動,移動,todo/new,移動,,中移動
ProduceItem.json,pitem_tower_001-exam_full_power-1-stage_017|ProduceDescriptionType_ProduceCardCategory|ExamDescriptionType_Unknown|ProduceExamEffectType_Unknown|ProduceCardCategory_ActiveSkill|ProduceCardMovePositionType_Unknown|ProduceStepType_Unknown|Label_ActiveSkillCard|produceDescriptions[6].text,に移動,移動,todo/new,移動,,中移動
ProduceItem.json,pitem_tower_001-exam_full_power-1-stage_022-1|ProduceDescriptionType_PlainText|ExamDescriptionType_Unknown|ProduceExamEffectType_Unknown|ProduceCardCategory_Unknown|ProduceCardMovePositionType_Unknown|ProduceStepType_Unknown||produceDescriptions[9].text,に移動,移動,todo/new,移動,,中移動
ProduceItem.json,pitem_tower_001-exam_full_power-1-stage_025|ProduceDescriptionType_PlainText|ExamDescriptionType_Unknown|ProduceExamEffectType_Unknown|ProduceCardCategory_Unknown|ProduceCardMovePositionType_Unknown|ProduceStepType_Unknown||produceDescriptions[3].text,に移動,移動,todo/new,移動,,中移動
ProduceItem.json,pitem_tower_001-exam_full_power-1-stage_025-1|ProduceDescriptionType_PlainText|ExamDescriptionType_Unknown|ProduceExamEffectType_Unknown|ProduceCardCategory_Unknown|ProduceCardMovePositionType_Unknown|ProduceStepType_Unknown||produceDescriptions[3].text,に移動,移動,todo/new,移動,,中移動
ProduceItem.json,pitem_tower_001-exam_lesson_buff-1-stage_015|ProduceDescriptionType_ProduceCard|ExamDescriptionType_Unknown|ProduceExamEffectType_Unknown|ProduceCardCategory_Unknown|ProduceCardMovePositionType_Unknown|ProduceStepType_Unknown|p_card-01-men-3_006|produceDescriptions[5].text,に移動,移動,todo/new,移動,,中移動
ProduceItem.json,pitem_tower_001-exam_lesson_buff-1-stage_022-1|ProduceDescriptionType_PlainText|ExamDescriptionType_Unknown|ProduceExamEffectType_Unknown|ProduceCardCategory_Unknown|ProduceCardMovePositionType_Unknown|ProduceStepType_Unknown||produceDescriptions[9].text,に移動,移動,todo/new,移動,,中移動
ProduceItem.json,pitem_tower_001-exam_lesson_buff-1-stage_025|ProduceDescriptionType_PlainText|ExamDescriptionType_Unknown|ProduceExamEffectType_Unknown|ProduceCardCategory_Unknown|ProduceCardMovePositionType_Unknown|ProduceStepType_Unknown||produceDescriptions[3].text,に移動,移動,todo/new,移動,,中移動
ProduceItem.json,pitem_tower_001-exam_lesson_buff-1-stage_025-1|ProduceDescriptionType_PlainText|ExamDescriptionType_Unknown|ProduceExamEffectType_Unknown|ProduceCardCategory_Unknown|ProduceCardMovePositionType_Unknown|ProduceStepType_Unknown||produceDescriptions[3].text,に移動,移動,todo/new,移動,,中移動
ProduceItem.json,pitem_tower_001-exam_lesson_buff-2-stage_017|ProduceDescriptionType_ProduceCardCategory|ExamDescriptionType_Unknown|ProduceExamEffectType_Unknown|ProduceCardCategory_ActiveSkill|ProduceCardMovePositionType_Unknown|ProduceStepType_Unknown|Label_ActiveSkillCard|produceDescriptions[6].text,に移動,移動,todo/new,移動,,中移動
ProduceItem.json,pitem_tower_001-exam_parameter_buff-1-stage_015|ProduceDescriptionType_ProduceCard|ExamDescriptionType_Unknown|ProduceExamEffectType_Unknown|ProduceCardCategory_Unknown|ProduceCardMovePositionType_Unknown|ProduceStepType_Unknown|p_card-01-men-3_006|produceDescriptions[5].text,に移動,移動,todo/new,移動,,中移動
ProduceItem.json,pitem_tower_001-exam_parameter_buff-1-stage_022-1|ProduceDescriptionType_PlainText|ExamDescriptionType_Unknown|ProduceExamEffectType_Unknown|ProduceCardCategory_Unknown|ProduceCardMovePositionType_Unknown|ProduceStepType_Unknown||produceDescriptions[9].text,に移動,移動,todo/new,移動,,中移動
ProduceItem.json,pitem_tower_001-exam_parameter_buff-1-stage_025|ProduceDescriptionType_PlainText|ExamDescriptionType_Unknown|ProduceExamEffectType_Unknown|ProduceCardCategory_Unknown|ProduceCardMovePositionType_Unknown|ProduceStepType_Unknown||produceDescriptions[3].text,に移動,移動,todo/new,移動,,中移動
ProduceItem.json,pitem_tower_001-exam_parameter_buff-1-stage_025-1|ProduceDescriptionType_PlainText|ExamDescriptionType_Unknown|ProduceExamEffectType_Unknown|ProduceCardCategory_Unknown|ProduceCardMovePositionType_Unknown|ProduceStepType_Unknown||produceDescriptions[3].text,に移動,移動,todo/new,移動,,中移動
ProduceItem.json,pitem_tower_001-exam_parameter_buff-2-stage_017|ProduceDescriptionType_ProduceCardCategory|ExamDescriptionType_Unknown|ProduceExamEffectType_Unknown|ProduceCardCategory_ActiveSkill|ProduceCardMovePositionType_Unknown|ProduceStepType_Unknown|Label_ActiveSkillCard|produceDescriptions[6].text,に移動,移動,todo/new,移動,,中移動
ProduceItem.json,pitem_tower_001-exam_review-1-stage_015|ProduceDescriptionType_ProduceCard|ExamDescriptionType_Unknown|ProduceExamEffectType_Unknown|ProduceCardCategory_Unknown|ProduceCardMovePositionType_Unknown|ProduceStepType_Unknown|p_card-02-men-3_002|produceDescriptions[5].text,に移動,移動,todo/new,移動,,中移動
ProduceItem.json,pitem_tower_001-exam_review-1-stage_022-1|ProduceDescriptionType_PlainText|ExamDescriptionType_Unknown|ProduceExamEffectType_Unknown|ProduceCardCategory_Unknown|ProduceCardMovePositionType_Unknown|ProduceStepType_Unknown||produceDescriptions[9].text,に移動,移動,todo/new,移動,,中移動
ProduceItem.json,pitem_tower_001-exam_review-1-stage_025|ProduceDescriptionType_PlainText|ExamDescriptionType_Unknown|ProduceExamEffectType_Unknown|ProduceCardCategory_Unknown|ProduceCardMovePositionType_Unknown|ProduceStepType_Unknown||produceDescriptions[3].text,に移動,移動,todo/new,移動,,中移動
ProduceItem.json,pitem_tower_001-exam_review-1-stage_025-1|ProduceDescriptionType_PlainText|ExamDescriptionType_Unknown|ProduceExamEffectType_Unknown|ProduceCardCategory_Unknown|ProduceCardMovePositionType_Unknown|ProduceStepType_Unknown||produceDescriptions[3].text,に移動,移動,todo/new,移動,,中移動
ProduceItem.json,pitem_tower_001-exam_review-2-stage_017|ProduceDescriptionType_ProduceCardCategory|ExamDescriptionType_Unknown|ProduceExamEffectType_Unknown|ProduceCardCategory_ActiveSkill|ProduceCardMovePositionType_Unknown|ProduceStepType_Unknown|Label_ActiveSkillCard|produceDescriptions[6].text,に移動,移動,todo/new,移動,,中移動
